item_id,embedding,label
I0000,"[2.568213, -4.838348, 0.60651, -1.092478, -3.942813, 1.367155, 3.796174, 4.832241, -5.2e-05, 3.393849, -1.63588, -1.238983, 2.379363, -1.127355, 0.013124, -3.541583]",c5
I0001,"[-4.674577, 1.855261, 1.308025, -1.475524, 0.950072, 4.08799, 0.63013, 1.299582, -0.936637, 2.418291, 0.785242, -6.314954, -1.061463, 1.528235, -2.764731, -0.470844]",c0
I0002,"[-0.444666, -3.943808, 1.666442, 4.059497, -1.388764, 2.50598, 4.418376, 3.069794, 1.691389, -0.874567, -0.181683, -3.861709, -0.030171, 4.624036, 0.778868, -0.195118]",c1
I0003,"[-1.665706, 2.683571, 0.401736, -1.117429, 0.366251, -1.588828, 1.834955, -2.994245, 0.974037, 0.521002, 1.14478, -3.611844, -4.212495, 2.304476, -0.964627, 3.157895]",c2
I0004,"[2.22562, -3.294581, 1.345449, -0.334062, -2.881446, 1.053247, 2.903228, 5.319893, -1.26727, 3.352077, -1.239728, -1.707998, 2.693551, -1.069561, 1.001586, -1.709943]",c5
I0005,"[3.037538, -2.821081, 0.77821, -1.231169, -4.462564, 1.786607, 4.128647, 5.433816, 0.803311, 4.041008, -1.118171, -1.691872, 4.273175, -1.175813, 0.76632, -3.192248]",c5
I0006,"[-0.185744, -3.494492, 0.422926, 3.858302, -3.496685, 2.062769, 4.493688, 2.499706, 1.503575, -0.564696, -1.4085, -2.048225, -1.274549, 5.060593, 0.578835, 0.486276]",c1
I0007,"[-2.910286, 7.305771, -4.300726, -1.998459, 2.181752, -1.609086, 4.4701, -0.843623, -5.986598, -3.123133, 5.757421, 2.414385, 0.198134, 3.413933, -2.421866, 1.789208]",c4
I0008,"[5.425826, 0.115804, -1.885552, 1.367206, -1.755715, 1.755807, -0.114464, -4.100044, 4.234973, 3.788856, -2.750117, -1.692486, -2.469675, 5.477291, -1.025079, 0.128491]",c3
I0009,"[-3.061038, 7.54503, -3.21158, -2.091529, 2.048039, -0.467939, 3.914642, -1.989647, -7.142654, -3.731126, 6.864992, 2.26296, 1.881711, 1.129655, -2.320966, 1.028813]",c4
I0010,"[-3.038767, 9.745826, -3.604837, -1.853737, 0.908424, -2.158696, 4.063369, 0.005976, -6.507695, -4.204288, 5.153183, 0.729217, 0.161328, 1.344015, -2.996981, 0.843033]",c4
I0011,"[2.261825, -3.612022, 1.242728, 0.31048, -4.114532, 0.899777, 2.643284, 5.025869, -0.747892, 3.279149, -1.29916, -1.793285, 2.772086, -1.540787, 0.373146, -2.68225]",c5
I0012,"[-0.385186, -4.311608, 1.619179, 3.968149, -2.080379, 2.157988, 5.029122, 3.41487, 1.964844, -1.70719, -2.751852, -3.662959, -1.288162, 4.755544, 1.621833, 1.379522]",c1
I0013,"[-3.095825, 7.960004, -3.155123, -1.878617, 1.859783, -0.974931, 4.491092, 0.792235, -6.308172, -3.364126, 6.739453, 1.829327, 1.3932, 1.087387, -3.024269, 1.261557]",c4
I0014,"[0.384355, -3.475091, 1.600108, 4.410356, -2.407458, 3.124861, 3.780894, 2.632979, 1.912925, 0.060793, -1.027016, -3.436291, -0.358336, 4.607949, 2.260444, -0.254587]",c1
I0015,"[-4.865355, 2.658073, 2.027143, -0.976448, 1.679352, 3.870673, 0.635708, 0.816614, 0.291751, 2.934864, 0.06576, -6.079722, -1.835697, 1.902136, -2.563413, 0.080422]",c0
I0016,"[-3.906856, 7.715207, -3.871287, -2.152482, 1.889419, -1.539126, 3.784994, -0.942613, -7.086084, -3.871813, 5.438964, 2.494279, -0.171598, 1.527755, -1.698938, 0.519233]",c4
I0017,"[2.383661, -2.506729, 1.836986, 0.846184, -3.886498, 2.659785, 3.90247, 5.241838, -0.382418, 4.015022, -1.443378, -1.557513, 2.176481, -1.855451, 0.62069, -3.40659]",c5
I0018,"[-2.454709, 7.754091, -3.264047, -2.133104, 1.899746, -2.562622, 3.139444, -0.055881, -7.059441, -2.950488, 4.915224, 2.630689, -0.271684, 1.481001, -2.560539, 1.612507]",c4
I0019,"[0.65309, -4.587496, 1.026423, 4.096838, -2.193113, 3.050082, 6.007896, 2.814161, 0.906922, -1.219916, 0.203062, -2.718023, -1.113018, 4.255856, 2.069978, -0.015371]",c1
I0020,"[3.321589, -3.609166, 0.779258, -0.572789, -3.676785, 1.501642, 4.139055, 6.926194, 0.282075, 3.057417, -1.393397, -1.808659, 2.793665, -1.847126, 0.029891, -2.58198]",c5
I0021,"[-4.38495, 3.408119, -0.435975, -1.805349, 1.867424, 4.52516, 0.199986, 1.008099, -0.083121, 3.424465, 1.576925, -5.042783, -0.787552, 2.567749, -1.86699, -0.818783]",c0
I0022,"[4.242767, -0.193565, -3.532247, -0.517489, -1.087996, 3.07571, -0.153101, -4.496748, 4.173374, 1.960613, -2.155241, -1.900621, -3.140427, 3.884703, 0.737371, -0.015079]",c3
I0023,"[-2.334658, 8.867532, -2.570199, -1.144868, 1.38847, -1.615592, 4.401912, -1.273954, -6.149676, -3.725436, 5.910501, 2.653076, -0.491019, 1.041369, -2.073397, 0.561098]",c4
I0024,"[2.10016, -3.263968, 1.21436, -0.063422, -3.023526, 1.312527, 3.782808, 4.760839, 0.149421, 3.265324, -1.284072, -1.3225, 1.988576, -1.572868, 0.328385, -3.555522]",c5
I0025,"[-0.184557, -4.915619, 0.530784, 5.011426, -2.188095, 2.543455, 4.465319, 3.676985, 0.709431, -1.853994, -0.708371, -3.064149, 0.086802, 4.724186, 2.714847, 0.898875]",c1
I0026,"[-3.876119, 1.967543, 0.496715, -0.048866, 2.611989, 4.13991, -0.077912, 1.647368, -1.761894, 2.893983, 1.442539, -6.188656, -2.134856, 1.949387, -0.848577, 0.07573]",c0
I0027,"[4.293356, -0.241302, -2.90104, -0.453093, -0.135355, 2.654565, 0.884432, -4.032797, 3.311959, 2.150757, -3.735916, -2.332737, -2.633139, 3.117465, -1.174257, 0.389029]",c3
I0028,"[1.838681, -2.988346, 0.956374, -0.618894, -4.41548, 0.697448, 4.590354, 5.510047, -1.121126, 3.627343, 0.134583, -1.819598, 2.179026, -0.408176, -0.015571, -3.763387]",c5
I0029,"[-3.710824, 1.855998, 1.432619, -0.921228, 0.26186, 3.916965, 0.63482, 1.399005, -1.247823, 2.418754, 1.105726, -5.400824, -1.192022, 2.400869, -2.483123, -0.543129]",c0
I0030,"[-0.158199, -2.077835, 0.328852, 4.246288, -1.930211, 1.758434, 5.15755, 2.665498, 1.143841, -0.588597, -0.951157, -3.860533, -0.981718, 4.364639, 2.094422, 0.534054]",c1
I0031,"[-3.65306, 8.237027, -2.231429, -1.949262, 1.898942, -1.592115, 3.981701, -0.672418, -7.136125, -3.038537, 6.687589, 1.676966, 0.370621, 2.005709, -3.905185, 1.112711]",c4
I0032,"[-1.261889, 1.455, -0.323514, -0.553901, 0.903649, -1.166849, 2.561736, -2.009273, 1.177053, 1.235291, 1.385599, -3.820033, -5.243214, 2.330331, -1.954153, 3.309366]",c2
I0033,"[5.557118, -1.075265, -2.292644, -0.69761, -1.187882, 2.024212, 0.275977, -4.679744, 4.89966, 2.858995, -3.928083, -2.602124, -2.038149, 4.541294, -1.57299, 0.786331]",c3
I0034,"[-2.073588, 1.808021, -1.414716, 0.200376, 0.046964, -1.932567, 1.848321, -2.811754, 0.813305, 1.151831, 0.227797, -3.726971, -4.023963, 1.83652, -1.194475, 3.434102]",c2
I0035,"[-0.64843, -3.283899, 1.501123, 4.017346, -3.227096, 2.242721, 3.882804, 2.235857, 2.392937, -1.181319, -1.523548, -3.282121, 0.77513, 5.964038, 0.160213, 0.138039]",c1
I0036,"[1.789578, -4.132025, 1.206279, -0.899667, -4.324937, 0.973671, 3.302285, 4.116789, -0.534366, 3.410583, -1.27167, -2.206269, 2.863537, -1.747827, 0.94207, -2.278529]",c5
I0037,"[-3.680781, 2.738632, 0.259213, -1.106025, 1.075863, 3.272442, 0.946153, 1.172643, -1.136225, 2.963683, -0.660907, -5.542853, -0.638722, 2.450827, -1.567767, -1.871847]",c0
I0038,"[-2.534993, 8.834302, -2.506875, -1.955251, 1.799503, -2.886751, 3.576677, -0.407417, -6.41064, -3.35595, 6.351872, 1.164751, 0.388765, 2.331141, -2.515429, 1.181499]",c4
I0039,"[-1.645171, 2.380336, -0.992188, -0.420175, 2.244123, -1.944924, 2.624938, -2.969113, 1.210278, 1.072431, 0.630845, -3.839841, -3.492606, 1.40067, -0.921303, 2.561985]",c2
I0040,"[-2.463398, 7.677995, -2.477532, -1.508, 1.181152, -1.212423, 3.899706, -1.377169, -6.826118, -2.209373, 6.227775, 2.066437, 0.1115, 1.112004, -3.103572, 1.293016]",c4
I0041,"[0.226532, -4.530657, 0.854072, 4.83573, -2.184595, 3.237799, 4.670739, 2.768747, 1.116258, -0.027825, -1.44683, -2.662707, -0.193078, 4.060587, 1.655012, 0.743194]",c1
I0042,"[-0.202289, -3.556166, 0.779953, 3.84078, -1.976582, 2.860204, 4.279155, 3.171605, 1.470191, -0.417244, -2.118103, -3.628276, -0.602622, 5.5345, 1.315045, 0.572181]",c1
I0043,"[-1.6787, 1.317294, 0.068786, -0.055422, 1.087759, -2.215461, 2.758093, -2.961626, 0.910217, 1.42308, 1.184953, -2.179038, -4.599618, 0.721485, -0.894578, 2.423256]",c2
I0044,"[4.184305, -0.066881, -3.10134, -0.82414, -1.675378, 2.786463, -0.176361, -4.604127, 3.362232, 3.182351, -3.080864, -3.382846, -2.672375, 2.606878, -1.15098, 0.631395]",c3
I0045,"[-2.672696, 2.174567, -0.786442, 1.23252, 0.925222, -1.798753, 2.209586, -2.93965, -0.21494, 1.069133, 1.634187, -2.632112, -4.910915, 1.582004, -0.884845, 2.130497]",c2
I0046,"[5.044289, -0.255232, -2.591999, 0.543521, -1.061003, 1.350282, -1.031429, -3.490531, 3.579332, 2.305848, -4.087202, -2.10812, -2.972969, 3.509695, -0.382426, -0.539917]",c3
I0047,"[-4.10242, 2.243081, 0.379728, -0.359916, 1.894989, 2.859203, 1.226542, 0.719813, -1.339385, 3.067695, -0.174524, -4.446187, -2.267412, 3.955755, -1.910542, -1.003802]",c0
I0048,"[-2.024449, 8.253628, -2.059907, -2.383945, 1.177581, -0.488564, 3.534117, -0.668745, -7.571968, -3.557239, 6.699235, 2.653719, 0.431651, 3.273708, -2.882413, 1.3746]",c4
I0049,"[-4.800005, 1.31263, 1.223997, -1.065771, 0.722078, 3.565224, 1.488331, 1.010625, -1.296506, 4.094296, -0.165466, -4.821784, -0.551294, 2.004864, -2.216725, -0.809247]",c0
I0050,"[2.572375, -3.347922, 1.481569, -1.018679, -3.626183, 0.846775, 3.79348, 4.557285, 0.667226, 2.556933, -0.564117, -1.79168, 2.122928, -1.76265, 2.053669, -2.473117]",c5
I0051,"[3.2231, -4.049067, 0.561644, -0.571703, -3.289007, 1.989094, 3.416477, 4.69465, -0.795721, 4.22698, -0.454746, -1.206436, 3.371424, -1.247791, -0.413321, -2.656503]",c5
I0052,"[-5.294938, 2.192559, 0.970164, -1.369185, 1.904075, 3.000879, 1.62192, 1.817897, -0.642534, 2.8328, -0.571022, -5.466367, -1.958244, 2.991811, -1.928531, -0.332058]",c0
I0053,"[-2.904583, 8.995, -3.148815, -1.103103, 0.831612, -1.814346, 3.403904, -0.545072, -6.741039, -3.47844, 6.155623, 2.80307, 0.793346, 2.233666, -3.528426, 0.184805]",c4
I0054,"[-3.404676, 3.966862, 0.818916, -0.149889, 2.034531, 3.073582, 0.564111, 0.917948, -0.796051, 3.303629, 0.366142, -5.955464, -1.000097, 1.936668, -2.644777, -0.84574]",c0
I0055,"[1.640589, -3.111989, 1.093536, 3.798874, -2.202267, 2.632339, 4.537753, 2.06879, 0.643226, -0.518291, -1.126015, -3.047154, -1.473937, 3.823349, 1.121385, 0.393932]",c1
I0056,"[-2.167219, 1.831527, -0.788164, -0.469242, 0.591969, -0.793533, 1.957616, -3.407718, 0.630376, 0.714508, 0.932531, -2.299735, -3.071893, 1.869886, -1.234083, 2.577107]",c2
I0057,"[3.696305, -0.078645, -2.091366, 0.261991, -1.052883, 0.791547, 0.845314, -3.612141, 4.048931, 2.708537, -3.601794, -2.569787, -2.635018, 3.633572, -0.516152, -0.016115]",c3
I0058,"[-3.610009, 2.202011, 2.389234, -0.838152, 1.953149, 2.836932, 1.13948, 2.880342, -0.500374, 3.30226, 1.766531, -5.367844, -1.365801, 1.631539, -2.426211, 0.724078]",c0
I0059,"[5.163095, -0.804596, -3.216241, -1.13719, -1.116836, 3.05447, 0.588826, -6.014705, 4.219605, 2.27935, -3.883906, -0.963928, -1.618037, 2.968231, -0.820033, 0.596367]",c3
I0060,"[4.206634, -0.475241, -3.952256, -1.085531, -1.018828, 1.789444, -1.556287, -4.448988, 3.836462, 3.221628, -2.137358, -2.649066, -2.725099, 4.114583, -0.754505, -0.168104]",c3
I0061,"[-4.224631, 2.7305, 0.34178, -0.874821, 0.852185, 4.388947, 0.310593, 1.279003, -1.520122, 3.376093, 0.611084, -4.320716, -0.266079, 2.46595, -2.992016, -0.867366]",c0
I0062,"[-1.864978, 2.039452, -0.28884, 0.682486, 2.288885, -1.949624, 4.296218, -3.019746, 0.35641, 0.526863, 1.037586, -3.41776, -4.479893, 1.552538, -0.987423, 3.243058]",c2
I0063,"[0.243177, -2.838372, 1.234108, 4.567313, -1.221456, 3.091614, 4.168771, 2.8183, 1.156508, -0.74194, -1.947177, -2.591929, -0.799815, 4.200952, 1.536784, 0.769763]",c1
I0064,"[-3.836267, 1.88738, 1.404059, -0.850597, 1.279124, 4.227142, -0.129832, 0.790506, -0.138592, 3.307221, 0.299397, -5.065254, -0.892512, 1.659083, -1.710496, -0.554972]",c0
I0065,"[4.5463, 0.027405, -3.205643, 0.037452, -0.833957, 1.88887, 0.025952, -4.749367, 4.447979, 2.321149, -2.666339, -2.425042, -2.003074, 4.028333, -0.046986, 0.527321]",c3
I0066,"[3.104205, -2.763408, 1.346891, -1.101249, -3.223308, 1.476092, 4.073947, 6.597638, -0.013811, 3.971469, -0.901754, -2.480146, 1.782735, -1.979648, 0.20657, -2.805892]",c5
I0067,"[-2.321284, 2.241259, -1.372185, -0.680063, 0.78684, -2.454743, 2.995618, -2.454789, 1.757293, 0.415248, 0.284162, -2.855746, -4.670141, 2.320244, -0.425182, 4.188473]",c2
I0068,"[-4.572695, 2.577462, -0.485875, -1.649188, 1.518162, 3.34828, 0.920244, 2.574871, -0.714758, 2.696264, 0.696036, -4.751155, -1.46381, 1.746238, -1.998267, -0.303325]",c0
I0069,"[-4.151299, 1.902013, 0.648877, -1.551146, 0.927927, 4.247587, 0.102218, 1.511215, -2.026512, 3.051589, -0.399509, -5.851017, -1.042075, 2.2706, -1.222068, -0.351769]",c0
I0070,"[-4.129964, 7.574446, -2.050688, -1.194011, 0.875116, -1.390947, 4.332773, 0.288916, -5.826091, -2.347172, 5.122809, 3.359884, -0.370554, 1.283256, -3.102159, 2.27029]",c4
I0071,"[3.920652, -3.558018, 2.085321, -1.536068, -4.257756, 1.013546, 3.365754, 5.126833, -0.02821, 3.448097, -1.028191, -2.002658, 3.371056, -1.998446, 0.105775, -3.012824]",c5
I0072,"[-3.485625, 8.096973, -3.095295, -2.348648, 1.821677, -2.149888, 4.627243, -2.457909, -6.28315, -3.839893, 6.36348, 2.801548, -0.749014, 2.192104, -2.580148, 0.226755]",c4
I0073,"[-2.540124, 0.647352, -1.494563, -1.04248, 1.01171, -1.172465, 3.843497, -1.670247, 0.360096, 1.155026, 0.509785, -3.80371, -3.741811, 1.96081, -0.819208, 3.345653]",c2
I0074,"[3.983775, 0.125988, -3.715444, -1.139926, -2.111311, 1.760053, -0.507402, -4.125197, 4.330895, 3.011434, -3.72413, -2.228659, -2.006898, 2.792012, -1.399592, 0.512975]",c3
I0075,"[4.399687, 0.196461, -2.966688, -1.26838, -0.873194, 1.77907, -0.09452, -4.540971, 3.21036, 3.115354, -2.695941, -2.445418, -3.060223, 4.505736, 0.263183, 0.159196]",c3
I0076,"[3.514116, -0.032901, -2.579271, -0.553118, -1.646116, 2.316805, -1.103215, -5.255817, 4.009068, 3.664334, -4.009731, -2.795671, -2.77075, 3.385224, -0.944116, 0.80344]",c3
I0077,"[2.931123, -2.932575, 0.566395, -0.746675, -3.4981, 0.857805, 2.904587, 5.534645, 0.729883, 3.24163, -1.356786, -2.688823, 2.949118, -1.410626, 1.061998, -3.395377]",c5
I0078,"[-1.018027, 1.118694, -0.438141, -0.071559, 0.702012, -1.40743, 3.072281, -2.607839, 0.118167, 0.123903, 0.728199, -3.532041, -4.714735, 0.571908, -1.836478, 2.118486]",c2
I0079,"[-3.629935, 9.10216, -2.685827, -2.683671, 1.183038, -1.919173, 3.810493, -0.667821, -6.388981, -3.374637, 5.574007, 3.075945, 1.680143, 1.413793, -2.53377, 1.633309]",c4
I0080,"[1.42004, -3.045634, 0.941481, -0.305462, -2.908203, 1.122579, 3.9873, 6.052943, -0.139721, 4.000872, -0.424141, -1.344616, 2.176706, -1.08334, 0.385644, -4.482991]",c5
I0081,"[-2.364997, 1.756416, 0.06998, 0.008428, 0.496468, -1.307685, 2.577259, -2.812146, 0.057783, -0.203248, 0.792078, -2.98849, -3.156898, 0.83387, -1.566685, 3.813231]",c2
I0082,"[2.869492, -3.212044, 1.866835, -0.768724, -4.686861, 1.268803, 3.755015, 4.622847, 0.071899, 4.195525, -0.963313, -1.748207, 2.225042, -1.169055, 0.596362, -3.846397]",c5
I0083,"[3.112317, -3.083393, 1.675427, -1.225708, -3.88292, 1.498356, 3.099616, 5.342191, -0.793376, 3.868501, -0.482902, -2.816212, 2.881226, -1.954987, 0.533065, -3.70818]",c5
I0084,"[-2.750565, 8.090509, -2.889073, -1.33792, 1.778059, -1.527865, 3.179355, -0.862139, -6.128752, -2.937337, 5.071046, 2.687791, 0.430963, 2.348338, -3.752244, 0.414675]",c4
I0085,"[-3.383142, 9.200516, -3.302812, -2.658385, 2.56328, -1.786317, 2.723127, -1.357935, -6.632928, -3.772998, 6.140209, 2.355012, 0.477433, 1.972152, -2.820921, 1.06718]",c4
I0086,"[-1.203207, 1.941609, -1.137074, 0.630982, 1.54621, -1.593401, 2.909433, -3.173081, -0.364765, 1.167478, 0.962071, -3.244725, -3.984661, 2.4283, -1.467634, 3.301565]",c2
I0087,"[-2.761732, 8.319278, -2.146527, -2.607837, 1.686445, -0.661737, 2.872069, -0.252491, -5.777035, -4.151356, 7.024453, 1.691991, -0.11586, 2.481802, -1.732375, 1.093004]",c4
I0088,"[3.116969, -3.714593, 0.505717, 0.148342, -2.39574, 0.785375, 3.646771, 5.036979, -0.761474, 3.183015, -0.406327, -1.732208, 2.06188, -2.340375, 0.889693, -3.338477]",c5
I0089,"[-2.429155, 8.290554, -2.907744, -1.965611, 1.114683, -2.158378, 4.961759, -2.086524, -6.518584, -3.242383, 4.722772, 1.830171, 0.542988, 1.906002, -2.838754, 0.261979]",c4
I0090,"[1.637236, -3.739204, 2.083396, -0.385837, -2.314096, 1.905509, 2.964646, 5.070076, -1.334849, 3.378415, -0.885342, -2.184372, 2.503668, -1.566589, 0.094522, -4.166539]",c5
I0091,"[-1.550626, 2.498792, -0.061095, -0.431842, 1.347148, -2.606151, 1.888582, -2.619277, 0.683542, 1.401872, 1.108975, -2.310338, -4.906953, 2.330874, 0.443921, 2.900793]",c2
I0092,"[-4.962934, 1.996702, 0.976991, -2.015961, 1.554949, 4.281874, 0.167708, 1.324747, -0.397667, 3.464537, -0.151029, -5.583953, -1.266658, 2.346897, -2.400992, -1.388994]",c0
I0093,"[4.506529, -0.793024, -2.773443, -0.554214, -1.469411, 1.677358, -0.533033, -4.30284, 3.395219, 2.985062, -3.349862, -2.118691, -2.926387, 2.930349, -0.070732, -0.409501]",c3
I0094,"[4.488547, 0.437951, -3.553225, -0.500197, -1.807673, 2.068835, -0.139403, -4.832044, 4.820095, 2.048781, -3.139494, -2.650719, -2.721701, 2.878549, -0.952212, -0.321566]",c3
I0095,"[-3.569957, 0.939707, 1.101445, -1.533852, 1.496781, 1.732164, -0.229184, 1.349929, 0.090499, 4.417178, 0.076063, -4.740926, -1.005624, 2.120815, -1.726071, -0.352345]",c0
I0096,"[4.549021, -0.77396, -3.1045, -0.99823, -0.323848, 1.915774, 0.532213, -3.552042, 4.62558, 3.139369, -3.123576, -1.738469, -0.810856, 3.313506, -0.59076, 0.302004]",c3
I0097,"[-2.268441, 1.850205, -0.178539, -0.677947, 0.374441, -1.244493, 3.460834, -3.198259, 1.910008, -0.607309, 0.934991, -2.952217, -4.486396, 0.331134, -0.959889, 2.506714]",c2
I0098,"[-2.263713, 1.996639, -0.29823, -1.872847, 0.534015, -2.14253, 1.95833, -2.62046, -0.509099, 1.194244, 0.759851, -2.786214, -4.884503, 1.899003, -1.305364, 4.078623]",c2
I0099,"[-0.92274, -3.371907, 0.294837, 3.958312, -2.57034, 1.606221, 3.772385, 3.328389, 1.708669, -1.440107, -1.084836, -3.74671, -0.886759, 4.195779, 1.060123, 0.828687]",c1
I0100,"[-4.005866, 2.362648, 0.660647, -1.582721, 1.632868, 3.167621, 0.400655, 1.272005, -1.405297, 2.276948, 0.072744, -6.157345, -1.300707, 1.674158, -3.296489, 0.220222]",c0
I0101,"[-4.665763, 2.262108, 0.040209, -1.010988, 2.286646, 2.859483, 0.16894, 1.92524, -1.088429, 3.805219, 1.072966, -5.7088, -0.480327, 1.527049, -1.494943, -0.410439]",c0
I0102,"[2.199152, -3.623149, 0.68234, -1.295939, -4.531129, 1.239935, 3.600279, 6.307029, 0.32774, 3.655024, -1.576141, -2.020496, 2.776856, -2.101818, -0.314703, -3.37541]",c5
I0103,"[-0.766645, -3.236898, 0.922675, 4.496208, -1.838488, 2.813643, 4.90443, 2.70098, 1.408457, -0.750058, 0.03533, -3.478999, 0.57603, 3.694162, 1.681532, 0.192635]",c1
I0104,"[0.477171, -3.965437, 0.837122, 4.145644, -1.766462, 2.78747, 5.564037, 3.287846, 1.359108, -1.107261, -1.456984, -2.294699, -0.337632, 5.495183, 0.799738, 0.728728]",c1
I0105,"[-3.670297, 1.51485, 0.211415, -1.494519, 2.098936, 3.936001, 0.518406, 1.941267, -0.190342, 3.020178, -0.05355, -4.932099, -1.217987, 1.427257, -2.21279, 0.209102]",c0
I0106,"[2.365664, -3.528263, 2.281926, -1.095494, -3.443556, 0.444321, 3.007778, 4.7636, 0.026326, 2.582294, -1.587515, -1.274038, 2.336532, -1.447086, -0.263945, -4.518618]",c5
I0107,"[4.631012, -0.583919, -4.333599, -0.516819, -0.874255, 1.25583, -0.885334, -4.711092, 3.380032, 2.355748, -2.854932, -2.140395, -2.841613, 4.486776, -1.569412, 0.778369]",c3
I0108,"[2.385957, -2.875573, 0.63583, -0.196732, -5.131747, 0.821378, 4.101841, 4.63571, -0.406387, 3.782317, -1.676251, -1.53128, 3.489084, -0.635402, 0.199581, -3.929452]",c5
I0109,"[-2.124466, 1.675598, -0.046264, -0.515047, 1.475113, 3.369648, 0.890793, 1.255844, -0.070099, 2.992687, 0.780458, -3.57822, -1.052174, 2.600006, -1.491877, -0.381861]",c0
I0110,"[-0.398371, 2.611014, 0.120048, -0.026611, 2.189007, -3.030821, 3.263533, -2.671044, 0.90457, 0.613004, 1.257879, -3.992151, -4.10973, 2.018879, -0.635239, 3.027906]",c2
I0111,"[1.801478, -3.166203, 1.631852, -0.604543, -3.888222, 1.862937, 4.290439, 4.946801, -0.195781, 2.733691, -1.202708, -1.963427, 2.627629, -1.513869, 1.299, -3.696615]",c5
I0112,"[4.19371, -0.946702, -3.123605, -1.20155, -0.368912, 2.481073, -0.564779, -4.677406, 3.421548, 2.597044, -3.339611, -1.977398, -1.320876, 3.093214, -1.106508, 0.702833]",c3
I0113,"[-4.189759, 2.600503, 0.581436, -1.532403, 0.751126, 2.988971, 0.66118, -0.303844, -1.231108, 2.954113, -0.048879, -5.357392, -1.210893, 1.590727, -2.020352, -1.320217]",c0
I0114,"[-2.411586, 1.047193, -1.169531, -0.175963, 1.724469, -1.136626, 2.091985, -2.678906, 0.654239, -0.369975, 0.023197, -4.406249, -4.578855, 2.180193, -0.915047, 2.382322]",c2
I0115,"[-4.699107, 1.677123, 1.275792, -0.568095, 2.823093, 3.126495, 1.293344, 2.054871, -0.906582, 2.457241, 0.237327, -4.487869, -0.785832, 2.787969, -2.557143, 0.182843]",c0
I0116,"[1.456191, -3.398335, 1.631877, -0.615141, -2.820662, 0.217869, 3.576615, 3.838898, -0.461213, 2.949408, -1.073116, -2.49458, 3.267884, -1.63811, 0.322612, -2.906168]",c5
I0117,"[0.694552, -3.021271, 1.09183, 4.239756, -2.592222, 3.287377, 4.563674, 2.603192, 1.744545, 0.014228, -1.020475, -3.822026, -1.289357, 5.179283, 1.650615, 0.465273]",c1
I0118,"[2.933631, -2.718844, 0.553404, 0.222096, -3.116702, 0.81379, 3.492876, 4.953888, -1.246222, 4.028734, -1.034305, -2.74364, 2.39516, -0.924867, 0.94677, -3.406692]",c5
I0119,"[4.799994, 0.484208, -3.078246, 0.640497, -1.220329, 2.103298, 0.875786, -4.263912, 3.711173, 2.33242, -3.343586, -2.879356, -4.426083, 4.21779, 0.046933, -1.461622]",c3
I0120,"[5.400538, -0.50536, -2.779425, 0.242256, -0.28804, 1.718957, -0.004123, -4.371214, 4.045627, 3.099196, -4.308963, -3.55604, -0.046235, 3.793637, -0.806557, -0.227626]",c3
I0121,"[5.265105, -0.130261, -3.045781, -0.586341, -1.443469, 0.974109, -0.488759, -4.083882, 4.14239, 2.968079, -3.565913, -2.96144, -2.439438, 3.143856, -0.845559, -0.573614]",c3
I0122,"[-0.419699, -3.470683, 0.47977, 4.885797, -1.58662, 3.242607, 4.674796, 1.841954, 1.495099, 0.437011, -1.708105, -4.520091, -0.215556, 4.507519, 0.079811, 0.109417]",c1
I0123,"[-2.355092, 8.195381, -3.058967, -1.27868, 2.314083, -2.218501, 2.416137, -1.749922, -6.812779, -2.888415, 7.133109, 2.745435, 0.793451, 0.965417, -3.558551, 0.560767]",c4
I0124,"[-3.644527, 1.779014, 1.737435, -2.397891, 1.396633, 2.049607, 1.029184, 1.385159, -0.517222, 2.670763, 1.207706, -4.884335, -0.946521, 2.073842, -2.608745, -1.573545]",c0
I0125,"[-3.871632, 2.372047, 0.989539, -1.733596, 3.101575, 3.871806, 1.067438, 1.22777, -0.085374, 3.55434, 0.084036, -5.463158, -1.703292, 2.540148, -1.443038, -0.695979]",c0
I0126,"[2.923339, -3.166125, 1.667192, 1.722882, -4.360749, 2.632452, 3.67938, 4.578968, -0.462684, 4.047671, -0.437183, -1.103264, 2.850871, -1.3251, 1.043746, -3.444631]",c5
I0127,"[-3.092932, 8.058237, -3.354636, -2.334687, 2.174042, -2.272858, 3.926562, -1.039924, -6.349108, -3.228345, 6.169542, 2.98929, 1.341189, 1.819899, -2.377616, 0.742631]",c4
I0128,"[-3.04546, 1.462637, 0.750522, -1.827504, 1.892366, 2.532209, -0.291112, 1.657707, -1.106584, 3.662793, 0.012935, -5.461909, -0.320838, 1.06428, -1.457702, -0.435022]",c0
I0129,"[3.078717, -3.779616, 0.817002, -0.961927, -3.629633, 0.844603, 3.548171, 5.061663, -0.188464, 3.54867, -1.777847, -1.975483, 4.121008, -0.987023, -0.129881, -2.277961]",c5
I0130,"[2.215412, -3.649104, 1.29345, -0.425143, -3.581063, 1.799908, 4.379273, 6.385213, -0.404406, 3.43506, -1.353233, -1.640173, 2.168753, -1.170728, 0.604239, -3.280631]",c5
I0131,"[-3.087698, 7.401898, -3.515776, -2.889239, 1.268517, -2.489313, 2.773683, -1.099235, -5.982758, -2.797062, 5.92963, 2.112578, 0.800882, 1.470221, -2.623094, 0.054727]",c4
I0132,"[0.2313, -3.763654, 0.780606, 4.337551, -2.07451, 2.840188, 5.410037, 2.461642, 1.317504, 0.124226, -1.064472, -3.155695, -0.068643, 5.00872, 1.506593, 1.002875]",c1
I0133,"[-3.994583, 3.01807, 0.799661, -1.539869, 1.819599, 4.507638, 0.174116, 2.148815, -1.735552, 3.938603, 0.389079, -4.972326, -1.65253, 2.119778, -1.998204, -0.38401]",c0
I0134,"[-0.615492, -3.955728, 1.404119, 2.993515, -2.025217, 3.415491, 5.447668, 2.897153, 1.02576, -1.358511, -1.047096, -3.395647, -0.152092, 4.42887, 0.963403, 0.720892]",c1
I0135,"[-3.020863, 1.834154, -0.295956, -0.066545, 2.866353, -1.582981, 2.242345, -2.990096, 0.1894, 0.865527, 1.15162, -3.63681, -4.318099, 1.375435, -1.711871, 3.48722]",c2
I0136,"[-3.951148, 2.111115, 0.20017, -0.660602, 1.613804, 3.280992, 0.647024, 2.306275, -1.40279, 3.744169, 0.608456, -5.442603, -1.269905, 2.669555, -2.312275, -0.188027]",c0
I0137,"[-0.044425, -3.582429, -0.67734, 4.406642, -2.435535, 2.76522, 4.118526, 1.654639, 1.508125, -2.782423, -0.886105, -3.781788, 0.008874, 4.382441, 1.136528, 0.372764]",c1
I0138,"[-2.275491, 1.183247, -0.5901, 0.11006, 2.030048, -1.735541, 2.408095, -2.9951, 1.647791, -0.96335, -0.004421, -2.65803, -4.031106, 1.162792, -2.413721, 3.875454]",c2
I0139,"[-0.25818, -3.574598, -0.019088, 4.547292, -2.809831, 2.010622, 4.171666, 3.388688, 0.584524, -0.269017, -2.125045, -3.277299, -0.763715, 4.492926, 0.535547, 0.453003]",c1
I0140,"[-4.351347, 1.645648, 0.856315, -0.881376, 0.507385, 3.8831, 0.622561, 1.454474, -0.863182, 2.223668, -0.1881, -5.52933, -1.34934, 2.237893, -2.520466, -0.438146]",c0
I0141,"[-2.951798, 1.191461, 0.207825, -1.971791, 1.386712, 2.963305, 0.413207, 1.706163, -1.114672, 2.119161, 0.653493, -6.37237, -1.306354, 3.008523, -1.800718, 0.231113]",c0
I0142,"[-1.493906, 2.14016, -0.402975, -0.815829, 0.974184, -2.531629, 3.089621, -1.682372, 0.396044, 1.340796, 0.18872, -3.259055, -4.382088, 0.336376, -0.220835, 2.78103]",c2
I0143,"[-3.877147, 2.031915, 1.61617, -1.161116, 0.95387, 3.693769, 1.258058, 1.501653, -0.020707, 2.773289, -0.685233, -5.479731, -1.940551, 1.733344, -2.258013, 0.126799]",c0
I0144,"[0.279646, -4.369674, 0.898481, 4.92223, -2.882345, 3.127182, 4.945562, 2.768056, 0.406516, -0.538899, -1.489493, -3.163476, -0.021334, 5.733032, 2.00969, -0.476845]",c1
I0145,"[4.281965, -0.303728, -3.127066, -1.713708, -1.198983, 1.582238, 1.143319, -3.741311, 4.295754, 2.223725, -3.315255, -2.334681, -2.18735, 3.492713, 0.082691, 0.49938]",c3
I0146,"[1.871289, -2.941268, 1.613321, -1.263604, -3.507673, 2.099771, 3.16173, 4.650821, 0.140268, 3.128846, -1.730272, -2.784992, 2.231455, -2.257895, 1.149407, -3.667232]",c5
I0147,"[-5.09679, 2.266653, -0.066802, -2.281532, 3.591283, 3.381812, 0.605391, 1.828371, -1.262934, 2.037076, 0.573426, -5.847542, -1.827214, 2.547368, -2.361897, -0.997259]",c0
I0148,"[-0.04982, -4.201194, 2.060901, 3.814036, -2.229449, 2.645893, 3.881396, 1.911422, 1.496293, -0.193735, -0.668094, -2.864894, -1.163825, 4.234969, 1.660016, -0.282575]",c1
I0149,"[-2.157287, 0.047902, -1.865181, -0.807834, 1.690087, -1.637725, 2.235633, -2.477528, 1.036353, 0.679309, 1.638514, -3.131847, -3.605314, 2.507536, -1.309418, 4.728923]",c2
I0150,"[4.554247, -1.649308, -1.690345, -0.120433, -1.052929, 2.286251, -1.013746, -3.585181, 4.228517, 2.690475, -2.82956, -2.18563, -3.068811, 3.912457, -0.516447, 1.33095]",c3
I0151,"[3.234933, -3.243775, 1.070939, -0.453766, -3.271425, 2.26056, 3.435108, 4.7167, -0.078668, 3.574932, -0.894566, -0.516981, 4.11236, -2.095399, 0.149552, -4.078587]",c5
I0152,"[-1.213918, 2.522801, -1.054357, -1.391158, 0.866696, -1.096092, 2.493036, -2.786597, 0.65647, 0.445674, 0.312398, -3.080821, -4.49577, 2.228515, -2.00273, 3.784246]",c2
I0153,"[-0.548421, -3.69225, 0.952277, 3.934232, -3.357821, 1.530246, 4.828212, 3.191823, 1.971518, -0.846515, -0.818805, -2.734641, 0.293945, 4.367576, 2.111898, 0.067968]",c1
I0154,"[2.241211, -3.074413, 1.845264, -0.379191, -3.10585, 1.890356, 2.960755, 5.273987, 0.011686, 3.532259, -0.527322, -1.385585, 2.833391, -0.567837, 1.0778, -3.879431]",c5
I0155,"[5.290039, -0.010805, -3.141518, -1.445451, -0.658958, 2.084699, -0.853003, -3.980848, 3.94505, 3.882822, -4.107688, -1.741034, -1.603494, 3.728207, -0.735105, 0.293707]",c3
I0156,"[-2.42211, 8.801257, -3.602231, -2.286664, 1.792727, -1.935176, 3.153558, -2.312427, -6.01423, -4.138867, 6.211977, 2.648114, -0.009885, 1.567973, -2.820722, 0.664373]",c4
I0157,"[-4.490706, 2.035281, 0.745584, -0.74371, 1.819279, 3.532492, -1.202225, 0.379743, -1.29799, 3.0416, 0.200648, -5.465683, -1.420277, 1.370519, -2.438179, -0.529469]",c0
I0158,"[5.712171, 0.129902, -3.219911, -0.890307, -1.419381, 1.872047, -0.910608, -2.892382, 4.534555, 2.713393, -3.649273, -1.301712, -3.093272, 2.802468, -0.960177, 0.280966]",c3
I0159,"[5.051703, -0.145788, -3.198737, -0.251035, 0.389689, 1.371827, 0.03546, -4.681839, 3.53253, 3.038892, -4.751839, -3.355174, -2.623766, 3.244778, -1.169809, -0.229467]",c3
I0160,"[3.294944, -3.13969, 0.990133, -1.066081, -4.086317, 1.390432, 4.16676, 5.306886, -0.130544, 3.239041, -0.260583, -1.736083, 1.903819, -1.562179, -0.051831, -3.140825]",c5
I0161,"[2.315417, -3.34767, 1.475837, -0.083021, -3.253356, 2.332926, 3.595194, 5.541992, 0.049843, 2.791458, -0.627708, -0.691419, 2.400938, -2.045615, 0.022136, -2.872584]",c5
I0162,"[2.122902, -3.685754, 1.22571, -1.514391, -4.321991, 1.767828, 2.834098, 4.926868, 0.257135, 3.258259, -2.164961, -1.253995, 3.677535, -1.161028, 0.014823, -3.128666]",c5
I0163,"[-3.864152, 1.09617, -1.084272, -0.511977, 1.694824, -2.241482, 2.347712, -3.424397, 2.68805, 1.192043, 1.880799, -3.020692, -3.852763, 2.460578, -0.439499, 4.463201]",c2
I0164,"[2.735191, -3.858407, 1.104566, -1.923829, -3.68248, 1.871554, 3.555982, 4.39297, 0.135394, 3.915484, -1.107873, -1.753999, 2.839759, -2.354325, 0.767924, -2.358552]",c5
I0165,"[0.346643, -3.172284, 0.073929, 3.826259, -2.049049, 3.130027, 5.204726, 1.833102, 0.289316, -0.822009, -1.013778, -3.398334, -0.208053, 4.628325, 1.568656, -0.215532]",c1
I0166,"[0.244552, -3.487924, 1.290608, 3.636048, -1.892346, 2.944603, 4.776033, 2.713711, 0.955758, 0.282283, -1.13689, -3.121925, -0.677085, 4.731326, 2.274071, 0.702368]",c1
I0167,"[-0.144145, -4.195086, 1.027102, 4.775612, -2.152407, 2.452265, 4.180556, 2.764191, 1.311981, -0.772, -1.190314, -3.807992, -0.362195, 4.965479, 2.073046, 1.364594]",c1
I0168,"[5.270194, -0.127175, -3.722567, -0.392798, -1.081749, 2.020092, 0.893959, -4.83218, 3.966097, 3.415048, -3.219275, -2.501872, -2.926965, 2.930407, -0.91515, -0.137105]",c3
I0169,"[3.668693, -0.341754, -1.329208, 0.405499, -1.149753, 1.475622, 1.543962, -4.398372, 3.93158, 4.054858, -3.870938, -1.637131, -2.250632, 4.863979, -1.096151, -0.15511]",c3
I0170,"[0.432081, -3.431963, 1.369005, 4.326488, -3.691817, 3.169724, 4.493809, 2.840768, 1.547499, -0.431527, -1.07153, -3.3091, -0.479135, 5.38381, 1.549834, -0.443041]",c1
I0171,"[2.492056, -3.500646, 2.278169, -0.270437, -4.182108, 0.460941, 3.094381, 4.782395, -1.212176, 3.560101, -0.694776, -2.36723, 1.66037, -1.70129, 0.652621, -2.298773]",c5
I0172,"[2.463378, -4.154749, 1.280775, -0.397172, -3.53343, 1.903688, 3.447384, 4.874161, -0.547334, 3.898584, -1.46558, -1.45462, 1.506721, -1.441233, -0.101472, -3.156024]",c5
I0173,"[-2.825557, 7.678291, -3.492481, -0.996231, 2.368274, -2.038472, 3.565019, -1.120038, -7.561302, -3.468349, 5.504821, 2.598053, 1.151597, 1.764402, -2.846894, 0.630387]",c4
I0174,"[-4.495557, 1.82398, 0.688402, -1.079247, 0.910671, 2.296578, 0.695109, 0.760736, -1.869359, 3.653638, 0.816196, -6.316176, -0.472555, 1.415226, -2.389057, -2.031557]",c0
I0175,"[-2.469036, 8.560861, -3.455936, -2.237299, 0.749846, -2.216706, 2.685133, -2.253915, -6.659982, -3.481413, 6.618993, 2.108177, -0.766834, 0.439482, -2.857622, 0.063123]",c4
I0176,"[2.806432, -2.198983, 0.051669, -1.76764, -4.614336, 2.03929, 4.044382, 4.676736, -0.592508, 3.915136, -1.021968, -2.458019, 2.872543, -0.992326, 1.344464, -3.087987]",c5
I0177,"[2.32685, -2.771632, 1.2877, -0.421901, -3.467703, 0.379937, 2.494974, 4.241492, -0.415668, 3.090967, -0.890062, -1.579175, 2.916164, -0.887127, 0.139693, -3.363779]",c5
I0178,"[-3.623491, 8.173111, -3.214462, -2.774012, 1.873252, -2.087046, 4.172992, -1.037979, -6.270274, -3.718251, 6.24104, 2.637194, 0.399533, 1.237166, -2.536538, 1.36018]",c4
I0179,"[-2.747276, -0.321581, -1.051464, 0.069562, 1.311222, -2.536989, 4.154422, -3.128209, 1.313289, 0.989622, 0.214868, -3.593509, -3.775151, 3.325521, -1.609019, 3.841658]",c2
I0180,"[-3.990478, 8.378444, -2.160374, -1.835581, 1.383032, -2.350947, 4.027365, -0.669325, -5.505615, -4.007485, 5.94944, 3.218661, 1.822841, 1.977793, -1.877194, 0.297681]",c4
I0181,"[4.197905, -0.297897, -3.404529, -0.776726, -1.188714, 1.121964, -0.022754, -4.666767, 4.543146, 2.729894, -3.449118, -2.816638, -3.158738, 4.441497, 0.820393, 0.488761]",c3
I0182,"[-2.814491, 7.775456, -2.701686, -0.777632, 1.774061, -2.325308, 1.822822, -1.015098, -5.60767, -2.946037, 5.659402, 2.439623, -0.576883, 2.110636, -2.908494, 1.096061]",c4
I0183,"[-1.757286, 1.930967, -1.435617, -0.073754, 0.773985, -1.598402, 2.439947, -3.347324, 1.365455, 0.669434, 0.876595, -2.973909, -5.279769, 1.51481, -2.638173, 3.284979]",c2
I0184,"[2.51919, -3.456689, 1.076993, -1.503507, -3.929061, 2.157748, 3.008586, 5.642455, -0.347717, 3.415004, 0.139472, -1.371631, 1.522672, -1.753214, 0.177554, -3.759926]",c5
I0185,"[0.113458, -2.722681, 1.38257, 3.413397, -2.36815, 2.141992, 4.362871, 2.062571, 1.851823, -0.516011, -1.081923, -2.561701, 0.306615, 4.333366, 1.403688, 0.771302]",c1
I0186,"[4.738715, -0.845678, -2.929119, -0.186223, -0.990965, 1.467942, -0.031511, -4.209163, 5.222176, 2.910829, -3.478006, -2.294088, -3.599145, 3.996517, 0.163947, 0.068735]",c3
I0187,"[-2.708269, 9.111827, -3.124835, -2.617584, 0.573096, -1.432024, 3.181262, -0.14774, -7.191452, -3.147345, 5.52941, 1.136905, 0.528434, 0.943943, -3.716119, 1.438773]",c4
I0188,"[-4.211362, 1.377531, 0.865751, -0.286834, 0.995633, 3.2866, 1.319095, 0.268115, -0.697239, 2.440728, 1.625435, -5.657693, -0.849855, 2.357794, -2.318897, -1.289813]",c0
I0189,"[0.534701, -3.837253, 0.920406, 4.458127, -3.560462, 2.291422, 4.266114, 3.01008, 1.29637, 0.18051, -0.507759, -3.482665, 0.725458, 4.800001, 2.538479, -0.230284]",c1
I0190,"[3.012024, -3.757044, 1.130188, -0.290305, -4.353967, 0.234087, 4.995087, 3.902241, -0.202111, 4.169704, -1.264146, -1.076776, 2.43721, -0.488994, 1.311265, -4.272289]",c5
I0191,"[-2.844853, 8.815633, -2.749369, -3.017077, 0.77831, -2.152582, 3.275819, -1.125699, -6.606106, -4.174533, 6.088665, 1.797647, -0.279255, 1.284971, -2.649957, 1.601972]",c4
I0192,"[4.94157, -0.262938, -3.946722, -0.392444, -0.46831, 0.621935, 0.756025, -3.930606, 4.888584, 3.43134, -1.457877, -2.759933, -1.774006, 3.188723, -1.150014, 0.888962]",c3
I0193,"[3.943326, -0.261522, -3.294596, -0.514349, -0.398801, 2.113473, 0.424835, -4.161532, 4.311988, 2.885619, -3.292162, -2.259372, -3.494429, 3.201405, -1.607904, 0.117205]",c3
I0194,"[-1.408076, 0.838341, -0.101445, 0.004932, 1.232056, -1.23476, 3.408315, -2.447189, 0.798941, 1.294002, -0.210518, -2.626037, -3.131697, 2.134634, -1.623217, 4.361313]",c2
I0195,"[-0.110721, -3.132345, 0.876654, 4.810891, -2.240764, 2.537092, 5.26585, 3.114811, 0.676524, -0.742619, -0.806958, -1.964874, 0.500224, 3.954171, 0.940387, 0.723025]",c1
I0196,"[-0.216071, -3.375672, 1.590722, 4.494909, -2.340922, 2.048587, 4.278553, 2.506109, 1.864722, 0.360746, -0.974811, -3.867085, -1.039822, 3.800809, 2.264664, 1.748988]",c1
I0197,"[-2.167576, 1.074877, -0.999228, -1.295356, 1.677095, -2.913401, 3.510175, -2.917272, 0.813331, 2.397938, 1.332845, -2.458213, -4.274457, 2.713624, -1.684674, 3.556584]",c2
I0198,"[3.308052, -0.059595, -2.282698, -0.88638, -0.76872, 1.788818, 0.201252, -5.462498, 4.930524, 2.893277, -3.159926, -2.526483, -2.891036, 4.933137, -0.191888, 0.50722]",c3
I0199,"[-1.73617, 0.491741, -1.504846, -0.57726, 0.941199, -1.836183, 4.815558, -2.567871, 0.270829, 0.180805, 1.494799, -2.979495, -4.214855, 1.761548, -0.524019, 2.893084]",c2
I0200,"[-3.390024, 2.29903, 0.234548, -1.408376, 1.182137, 3.501392, -0.085601, 0.510166, -1.164906, 2.567081, 0.89781, -6.189175, -2.420188, 1.900993, -2.299135, 0.611757]",c0
I0201,"[-3.412523, 8.064052, -3.546702, -1.537596, 1.838694, -2.167682, 2.17661, -1.546383, -6.001681, -3.236351, 6.264632, 2.905294, 0.353754, 0.971842, -1.779978, 0.973137]",c4
I0202,"[-4.052277, 2.369967, 0.458856, -0.79898, 2.005178, 3.535677, 0.23699, 1.382208, -0.617019, 2.772949, -0.518705, -4.809063, -0.760688, 1.702714, -3.029231, -1.279726]",c0
I0203,"[-0.483692, -1.781071, 1.88221, 4.874343, -2.395147, 2.233783, 5.195946, 3.125622, 1.78559, -1.076575, -1.655373, -5.116993, -0.518242, 4.139481, 1.886262, 0.006361]",c1
I0204,"[4.087046, -0.579752, -3.334318, -0.732206, -2.381667, 1.631586, -0.389877, -4.04789, 3.37004, 4.499526, -3.205791, -1.371444, -2.762069, 4.530259, -0.77267, 1.46691]",c3
I0205,"[3.107577, -4.36147, 1.015999, -1.680229, -3.664709, 1.67847, 3.702044, 4.535073, 0.297745, 4.245753, -1.097539, -1.683517, 2.369601, -0.643571, 0.911996, -4.529994]",c5
I0206,"[-3.186071, 8.682026, -3.362882, -2.450552, 1.504568, -1.165562, 4.40638, 0.033696, -6.666582, -3.540559, 6.942156, 1.848705, 0.85343, 1.546584, -4.160559, 1.237024]",c4
I0207,"[-3.060902, 7.225782, -4.05614, -2.135991, 1.208518, -1.347013, 2.47225, -0.814602, -6.053398, -3.837107, 7.373408, 3.065309, 1.302476, 1.968541, -2.49583, 1.182125]",c4
I0208,"[0.148855, -3.060196, 0.966535, 3.788942, -2.401231, 2.602535, 4.120312, 2.911818, 0.906519, -0.749082, -1.406673, -2.256743, -1.607331, 4.309073, 2.041015, 0.181075]",c1
I0209,"[-0.938654, 1.23749, 0.354107, -0.952521, 1.242734, -2.444612, 2.056771, -3.508647, -0.29527, 1.113571, 1.810737, -2.023303, -3.059918, 1.518144, 0.534856, 3.076566]",c2
I0210,"[-2.148698, 7.369571, -3.403506, -1.612698, 1.592436, -1.475091, 3.356477, -1.654812, -6.375192, -2.039393, 6.180195, 2.66541, 0.449884, 1.812875, -2.998649, 1.350095]",c4
I0211,"[-3.439518, 2.943947, 0.712022, -1.710705, 1.634283, 3.112513, 0.25355, -0.126672, -1.553355, 4.03202, -0.069735, -5.819059, -2.507131, 1.724165, -1.832051, -0.637796]",c0
I0212,"[-3.431294, 3.12651, 0.863565, -1.017931, 0.778055, 3.334827, 1.047313, 1.753407, -0.813262, 3.050884, -0.047226, -5.751964, -0.914928, 2.036076, -1.633958, -0.745131]",c0
I0213,"[-4.222029, 1.979762, 1.493345, -1.703914, 1.463184, 3.8418, 1.288503, 1.620659, -1.288399, 3.176242, 0.556039, -5.008918, -0.458773, 2.834623, -2.132556, -0.674883]",c0
I0214,"[3.09741, -4.411893, 1.370148, -1.769726, -2.54697, 1.614193, 3.798825, 5.059137, 0.274642, 3.680762, -1.766192, -1.48723, 2.642849, -1.127733, -0.274141, -3.913157]",c5
I0215,"[-2.292943, 2.303624, -1.213738, -1.037651, 1.088107, -3.092919, 1.863682, -2.810168, 1.719885, 0.587751, 0.570763, -2.492794, -3.960339, 1.684296, -0.372664, 3.037928]",c2
I0216,"[-3.328841, 1.417621, 1.28809, -1.226697, 1.484147, 3.061361, 0.851886, 2.333745, -0.746258, 3.081059, 0.743146, -6.87789, -0.326563, 2.6142, -2.410866, -0.305737]",c0
I0217,"[4.350944, -1.260739, -2.890782, -0.647026, 0.445836, 1.857471, 0.314146, -3.059008, 3.764398, 3.651307, -3.202777, -1.51951, -2.093133, 4.228904, 0.794455, 0.777409]",c3
I0218,"[1.618757, -3.37399, 1.842099, 4.509016, -2.416057, 2.560376, 4.938763, 2.347698, 0.831685, -1.579452, -1.382507, -2.902154, -0.77172, 3.947644, 0.657349, -0.697201]",c1
I0219,"[2.137157, -2.614341, 1.402984, -0.095447, -3.827864, 2.428989, 3.076403, 5.154897, -0.108227, 3.906343, -0.455663, -1.23682, 3.245888, -1.982114, 1.228808, -3.230553]",c5
I0220,"[2.924025, -3.363182, 2.11336, -0.744406, -2.922207, 1.736586, 2.108633, 5.799517, -0.245479, 4.241983, -1.518485, -2.435036, 2.625739, -1.579895, 0.746046, -2.702192]",c5
I0221,"[3.339422, -4.131418, 1.250418, -1.227617, -2.169816, 1.653541, 3.405809, 4.82476, -0.264533, 3.069978, -1.164536, -1.964056, 2.722886, -1.47327, 1.109845, -3.490015]",c5
I0222,"[-2.098766, 1.523831, -0.602935, -0.475039, 1.874143, -1.229901, 2.479897, -2.249951, 0.937718, -0.009457, 1.385848, -3.111841, -3.875692, 2.136697, 0.039114, 2.882364]",c2
I0223,"[-2.064496, 0.647286, -0.786277, -1.256884, 0.753896, -1.898587, 2.554875, -2.724144, 0.541925, 1.535729, 1.497785, -2.749347, -3.688638, 1.405915, -0.674441, 3.442385]",c2
I0224,"[-3.108398, 9.163145, -3.955841, -2.152452, 0.811796, -1.330731, 2.587146, -0.741063, -4.17772, -3.901647, 6.101668, 1.636391, 0.519201, 1.924755, -2.827546, -0.065279]",c4
I0225,"[-2.437307, 7.960394, -2.580332, -2.47721, 1.173073, -1.433918, 3.701082, -0.496405, -6.041366, -2.677058, 6.707598, 1.924229, 1.196587, 1.013911, -2.291394, 0.592747]",c4
I0226,"[-4.59065, 2.785334, 0.972016, -1.337547, 1.083402, 2.85969, 0.5112, 1.224386, -0.477996, 3.458519, 0.197416, -5.532764, -1.844995, 2.273834, -1.919342, -0.52305]",c0
I0227,"[4.753972, -0.561714, -2.317561, -0.425644, 0.183075, 1.527888, 0.051309, -4.631582, 3.667487, 3.816358, -3.563293, -2.189275, -2.151466, 3.676224, -0.546621, -0.357946]",c3
I0228,"[0.460637, -2.067455, 1.714381, 5.120003, -2.9131, 3.5362, 4.377934, 1.80361, 2.172363, -0.99018, -0.637913, -3.743171, -0.8647, 4.763069, 1.401846, -0.122511]",c1
I0229,"[4.227376, -0.340335, -2.155876, -1.421142, -0.417149, 2.385667, 0.352741, -3.816531, 4.417537, 2.001586, -3.423828, -2.764311, -2.895962, 3.965615, 0.432645, 1.41223]",c3
I0230,"[-3.939877, 2.703044, 0.450058, -1.010601, 1.946384, 3.201661, 0.020417, 2.203941, -0.614369, 2.270311, 0.620982, -5.0065, -0.91061, 2.219386, -1.84409, 0.710243]",c0
I0231,"[-0.397848, -3.901702, 2.20412, 4.469701, -2.521455, 3.220236, 4.528487, 2.567266, 1.830795, -0.810343, -2.233479, -2.563477, 0.070017, 4.957254, 2.208319, 0.150356]",c1
I0232,"[-4.833447, 1.630747, 0.441855, -1.369501, 3.019247, 3.884528, 0.434972, 1.806308, -1.166314, 2.796388, -0.212172, -5.43748, -1.248734, 1.432559, -2.41622, -0.795692]",c0
I0233,"[0.169664, -3.748321, -0.289782, 3.762971, -2.218258, 2.832176, 5.429004, 2.718811, 1.729508, -0.809601, -1.549692, -4.008439, -0.577923, 4.017518, 0.656209, 0.968147]",c1
I0234,"[3.626854, 0.232467, -3.46666, 0.067564, -1.564687, 1.747667, -0.460309, -4.434026, 2.93084, 2.205121, -2.789048, -2.476752, -2.84368, 3.86707, -0.355521, -0.218772]",c3
I0235,"[-0.154252, -3.676683, 2.222199, 3.763295, -3.568726, 2.667104, 4.396696, 3.323303, 0.592064, -1.226654, -0.852348, -3.30808, 0.141031, 4.981981, 0.99074, 0.41875]",c1
I0236,"[-4.557887, 0.76691, 1.262047, -0.486278, 1.159182, 3.19106, 2.143163, 2.107839, -0.230785, 3.096439, -0.139942, -5.455644, -1.841174, 2.84753, -2.421017, -0.719196]",c0
I0237,"[4.727248, -0.341414, -3.149605, 0.1104, -0.840447, 2.3319, 0.345424, -3.616692, 4.190837, 4.065158, -2.905677, -2.264907, -3.323543, 3.90621, -0.202815, 0.383461]",c3
I0238,"[-2.222973, 2.175991, -0.87586, -0.818101, 0.616517, -1.556902, 3.186296, -2.923732, 0.803587, 0.282177, 1.207865, -3.048885, -3.463309, 1.38345, -1.259223, 3.285884]",c2
I0239,"[3.085889, -1.168752, -2.554105, -2.409156, -0.824747, 2.333512, -0.726161, -3.593488, 3.754687, 3.532056, -2.977887, -2.430796, -3.901201, 3.619577, 0.225906, 0.005338]",c3
I0240,"[0.002802, -3.895805, -0.044085, 4.124043, -2.230076, 2.16656, 4.126373, 3.424775, 1.5645, -1.15738, -1.207342, -2.648263, -1.298644, 5.442984, 2.930836, -0.279265]",c1
I0241,"[-4.582579, 2.33456, 0.661255, -1.535673, 1.886117, 2.631213, 0.292739, 2.280679, -0.63259, 3.471623, 0.238279, -6.316854, -0.239126, 2.156593, -0.657523, -1.317826]",c0
I0242,"[3.201615, -4.352505, 1.64463, -0.328445, -3.66405, 1.016476, 3.238618, 4.836643, -0.031349, 4.22243, 0.133046, -1.387841, 3.49223, -0.965871, 0.444014, -3.47382]",c5
I0243,"[-3.670366, 2.167604, -0.441161, -1.149172, 1.908431, 2.794486, -0.045872, 1.104941, -1.073244, 2.780862, 0.082469, -5.12112, -1.059322, 2.438435, -2.583485, -0.49055]",c0
I0244,"[-2.440251, 2.451821, -0.120053, -0.505815, 1.886148, -1.798062, 2.697197, -2.599135, 0.913106, 1.086141, 0.175686, -3.502603, -4.162076, 2.240194, -1.408434, 3.016902]",c2
I0245,"[-3.733558, 1.976892, 0.552194, -1.504189, 1.412628, 3.291781, 0.656321, 1.913925, -0.677712, 2.574713, 1.124848, -5.465834, -1.374929, 2.270096, -2.972957, -0.256769]",c0
I0246,"[-1.059455, -3.350563, 0.715956, 4.339052, -2.082419, 2.547883, 5.052439, 2.841688, 1.160121, -1.122155, -0.567842, -3.330241, -0.831273, 4.161186, 1.507758, 0.648098]",c1
I0247,"[-2.15803, 8.204898, -2.784946, -2.121363, 1.821414, -1.729363, 3.194743, -1.31009, -5.029341, -3.429807, 6.48866, 1.32323, 0.204657, 2.683586, -2.788124, 0.247526]",c4
I0248,"[0.390391, -3.747068, 2.095056, 4.480995, -2.07531, 3.291238, 4.164713, 2.798582, 1.136931, -0.118404, -0.058879, -3.594099, -0.667058, 4.648522, 2.43747, 0.490534]",c1
I0249,"[-2.023382, 9.276083, -4.365971, -1.375888, 1.711341, -1.4554, 3.431624, -0.380083, -5.948227, -3.670399, 5.290398, 2.921979, 0.784771, 2.013531, -1.54231, 1.265062]",c4
I0250,"[-3.034068, 1.827594, 0.102055, -0.441388, 1.567524, -2.729107, 3.799529, -2.822213, 1.643356, 0.317159, 0.736883, -3.293368, -4.519545, 1.953091, -0.629471, 3.331156]",c2
I0251,"[-1.931017, 1.101334, -0.863621, -0.509731, 1.211672, -2.565781, 2.580719, -2.692288, 1.123714, 0.448484, 0.777866, -2.959358, -3.930112, 2.524791, -1.152041, 3.410044]",c2
I0252,"[-3.158012, 8.583808, -2.956425, -2.096001, 1.030929, -1.488779, 2.89982, -0.122526, -6.083029, -3.315656, 4.853589, 2.35547, 0.605568, 1.096843, -2.712856, -0.349328]",c4
I0253,"[0.04323, -3.468492, 0.004881, 4.077508, -1.864864, 3.061793, 4.852593, 2.447549, 1.922248, -0.755555, -1.005, -2.652839, -0.241331, 3.889875, 2.184012, 0.536683]",c1
I0254,"[3.283228, -2.689154, 1.045516, -0.849128, -3.265545, 0.849154, 3.30943, 4.375066, -0.034736, 4.023307, -1.527554, -2.351351, 2.461898, -2.365647, 0.974007, -3.678806]",c5
I0255,"[2.119019, -3.58721, 1.392514, -1.826247, -2.238697, 1.924427, 3.572498, 4.75977, 0.456548, 4.413206, -1.006024, -1.741929, 2.118642, -0.486326, 0.700932, -3.099569]",c5
I0256,"[3.429246, -0.561034, -2.707548, -1.555573, -1.042199, 2.965014, -0.188014, -4.301266, 3.874514, 3.555262, -3.218654, -1.881052, -2.401978, 2.952373, -0.357641, 0.879392]",c3
I0257,"[0.166077, -3.342369, 1.105074, 3.731802, -2.860588, 2.589488, 4.455497, 3.090973, 0.677869, -1.550813, -0.47041, -2.838311, -0.06883, 4.90808, 2.502216, 0.227353]",c1
I0258,"[0.609954, -2.526869, 1.630252, 3.763757, -1.506316, 2.026117, 4.783795, 3.964461, 0.647146, -0.894072, -0.142564, -3.273069, -0.153506, 5.38384, 1.03341, 1.123631]",c1
I0259,"[-4.138255, 1.734214, 1.336477, -1.391412, 2.021887, 3.404094, 0.628295, 0.671712, -1.815805, 2.370537, 0.62222, -6.004872, -0.904631, 1.937685, -2.319956, -0.929433]",c0
I0260,"[-3.667177, 1.52915, 1.710444, -1.695556, 1.235194, 3.008433, 0.331847, 0.90361, -1.005012, 4.048607, 0.245761, -6.274705, -1.213742, 2.184812, -3.003992, -0.799258]",c0
I0261,"[-4.53633, 1.72103, 0.683587, -1.89597, 1.694473, 3.221896, -0.171379, 1.626135, -2.230795, 3.19645, 0.077632, -5.338869, -1.748673, 2.765692, -2.270534, -0.44693]",c0
I0262,"[1.66868, -3.580548, 0.468429, -1.240705, -3.652638, 0.457167, 3.532341, 5.936343, -0.436093, 1.923956, -2.471311, -1.931458, 2.756944, -1.72286, -0.127307, -4.627348]",c5
I0263,"[2.283317, -3.640995, 2.188573, -0.388559, -3.843017, 2.250685, 2.789932, 5.142783, 0.593372, 3.57862, -1.000557, -1.582811, 2.914551, -1.615127, 0.252609, -3.76851]",c5
I0264,"[4.56958, -0.452437, -2.469698, -0.66371, -0.719269, 2.247257, -0.41478, -4.529874, 3.361783, 1.659861, -2.819539, -3.162666, -1.846802, 2.667039, -0.584418, -0.488289]",c3
I0265,"[-1.812587, 0.936356, -1.369224, -0.071291, 0.68468, -1.869163, 3.426271, -3.454097, 0.532538, 0.14269, 1.036071, -2.576039, -4.640174, 1.527844, -1.090251, 3.377964]",c2
I0266,"[-0.584078, 1.035435, -0.584692, -0.053737, 1.947922, -1.809504, 2.893176, -1.914553, 0.011645, 1.520413, 1.299477, -2.701336, -5.242385, 2.453075, -1.55962, 2.886883]",c2
I0267,"[-4.51526, 0.964581, 1.042261, -0.907586, 1.390686, 4.492738, 1.104486, 2.067579, -0.073679, 0.89967, -0.636113, -5.500425, -1.420719, 1.599118, -1.755589, -1.289667]",c0
I0268,"[1.230058, -2.945231, 2.099119, -0.546081, -4.449214, 0.8862, 2.831155, 6.241244, 1.058965, 3.465491, -0.419813, -1.069615, 1.536345, -1.74979, -0.21802, -3.317062]",c5
I0269,"[-5.446058, 1.746471, -0.046826, -1.984725, 0.911199, 4.833145, 0.558926, 1.935844, -1.380924, 2.366572, 0.291592, -4.840823, -2.00345, 1.923539, -2.233091, -0.328207]",c0
I0270,"[-1.898097, 1.147873, -0.679973, -1.233533, 1.13457, -3.172081, 3.619908, -2.904812, 0.502023, -0.06071, 1.031941, -1.983741, -3.172645, 1.340706, -0.991192, 3.585855]",c2
I0271,"[-2.638219, 8.668227, -2.836627, -1.777581, 2.205887, -1.97549, 3.771161, -0.368823, -5.191668, -3.820504, 6.268948, 2.504903, 0.826115, 1.971427, -2.611776, 0.22593]",c4
I0272,"[4.796288, -0.57106, -3.790649, -1.431227, -1.417891, 1.458714, 1.038702, -3.230604, 3.896735, 3.62049, -2.685634, -2.661829, -1.954466, 3.553946, 0.406991, 1.501068]",c3
I0273,"[-2.372479, 7.99652, -3.057953, -2.117861, 2.035092, -1.028418, 3.341048, -1.299342, -6.208371, -4.026259, 6.114115, 2.239911, 1.554445, 2.11531, -3.057585, 0.692116]",c4
I0274,"[0.089056, -3.665904, 1.069276, 4.7408, -3.083281, 3.129898, 5.813715, 2.643663, 0.669625, -0.221846, -0.337405, -3.397546, 0.956819, 3.615266, 0.192081, 0.356773]",c1
I0275,"[-1.023287, 1.772285, -0.211204, -1.097679, 1.080072, -0.914274, 2.249965, -2.572463, 0.446316, 0.342734, 0.4108, -3.616705, -4.566139, 2.519553, -0.374338, 4.629474]",c2
I0276,"[-3.463958, 1.686159, 1.253371, -1.065548, 1.03032, 3.935241, 0.464098, 1.665524, -0.811998, 2.860453, 0.094812, -5.005009, -1.056158, 2.431106, -1.930295, 0.09298]",c0
I0277,"[-2.762926, 7.424212, -4.218921, -1.624405, 1.785394, -1.484776, 2.505086, -0.51893, -6.46673, -3.320629, 6.393215, 2.530917, 1.172285, 1.181141, -2.452606, 0.127927]",c4
I0278,"[5.308114, -1.202476, -2.903754, -0.315911, -1.250552, 1.572587, -0.125619, -4.790238, 4.403591, 3.188505, -3.302965, -2.463119, -2.483508, 3.909833, -0.416258, 0.124386]",c3
I0279,"[4.281235, -0.321804, -3.391907, -0.385793, -0.51791, 1.032891, -0.191301, -4.109669, 4.186682, 2.751189, -2.579021, -1.482721, -2.544683, 4.049326, -1.81031, -0.129756]",c3
I0280,"[-4.602154, 1.748902, 0.84808, -0.880316, 1.454137, 3.694295, 0.657842, 1.981692, -1.543994, 2.851754, 0.513107, -4.559357, -0.556958, 2.147805, -2.294392, -0.573176]",c0
I0281,"[0.59473, -3.867546, 1.066012, 4.527122, -1.839088, 2.486241, 4.137687, 1.920447, 1.468815, -0.888207, -1.246641, -3.415429, -0.903523, 4.386775, 1.502118, 0.062816]",c1
I0282,"[2.942411, -4.145035, 2.6228, -0.921625, -3.493971, 2.195193, 2.900982, 4.797658, -0.714032, 3.829651, -1.032646, -2.489558, 2.644602, -1.814809, 0.850876, -3.799221]",c5
I0283,"[-1.548411, 1.863322, -0.406968, -0.815647, 1.812134, -2.029725, 3.383561, -2.431913, 0.709514, 2.510426, 0.414987, -3.310008, -4.488765, 1.152579, -1.444366, 3.597576]",c2
I0284,"[3.79344, -3.209715, 1.746408, -0.569921, -3.180329, 1.44348, 2.790977, 5.730693, -0.211099, 3.941483, -0.713098, -2.74304, 2.024227, -0.380429, 0.83889, -4.523156]",c5
I0285,"[2.453071, -3.115975, 0.496914, -0.6478, -3.491773, 2.728727, 3.175903, 5.44827, -0.382009, 3.5613, -0.752711, -1.558959, 2.788254, -1.664014, 1.282754, -4.025804]",c5
I0286,"[-2.861794, 0.160643, -0.135696, -1.110335, 2.32504, -1.692634, 3.508146, -3.401517, 0.564388, 0.829471, 0.746153, -2.905832, -3.773417, 1.721594, -1.647839, 4.628062]",c2
I0287,"[4.697423, 0.415468, -3.09477, -0.991338, -0.994873, 1.866436, 0.096118, -4.670146, 3.476519, 2.646796, -2.551386, -0.856196, -2.793436, 3.643946, -0.126992, 0.125663]",c3
I0288,"[0.745879, -4.077778, 2.105086, 3.73439, -3.338044, 2.22945, 4.528445, 1.172879, 1.29661, -1.046556, -0.826068, -3.498006, -1.155269, 4.188686, 1.831854, 0.980148]",c1
I0289,"[-1.005423, -3.895726, 1.359834, 4.650172, -2.562633, 2.549305, 4.201255, 2.076861, 1.483028, -0.149279, -1.247588, -3.19972, -0.401188, 5.043482, 1.824741, 0.629725]",c1
I0290,"[-2.744035, 8.084586, -2.676783, -1.588478, 1.554938, -1.643526, 3.702815, -1.336775, -5.659774, -3.438817, 5.799994, 2.370811, -0.38579, 2.045218, -2.133242, 0.52203]",c4
I0291,"[4.413707, 0.905022, -2.857112, 1.496527, -1.377769, 2.256729, -0.072521, -4.533872, 2.875996, 2.828177, -3.132068, -1.018197, -2.816232, 2.874698, -0.838288, -0.361572]",c3
I0292,"[3.524773, -3.274284, 1.812337, 0.645813, -3.425723, 3.127783, 3.955579, 4.576497, -0.247679, 3.053899, -1.281806, -1.932977, 3.635085, -1.396955, 0.498035, -3.36458]",c5
I0293,"[4.408262, -1.459508, -3.145259, -0.696855, -1.223578, 2.22018, 0.247664, -4.149917, 4.454734, 3.368745, -2.048918, -1.597886, -2.695169, 3.45774, -0.834024, -0.228496]",c3
I0294,"[-2.390042, 7.00459, -2.874329, -2.051131, 1.315234, -1.328865, 2.648336, -1.388229, -5.998582, -2.931683, 5.413773, 2.831501, 0.93954, 1.710313, -3.061979, 0.157949]",c4
I0295,"[-4.196304, 1.337905, 0.921798, -0.852155, -0.356118, 3.277009, 1.218582, 1.23605, -1.087786, 3.282459, 0.073878, -5.009924, -1.807485, 2.125013, -2.564097, -2.042586]",c0
I0296,"[-4.468824, 0.984467, 0.237186, -0.567337, 2.584592, 2.63734, 1.875306, 1.415777, -0.501089, 1.980751, 0.158521, -5.989649, -0.779525, 1.453359, -1.533691, -0.143532]",c0
I0297,"[3.002679, -3.575202, 0.982777, -0.361271, -3.074146, 1.439091, 2.823836, 4.905105, -0.433011, 4.880107, -1.432245, -2.068222, 2.278619, -0.601279, -0.466307, -3.120216]",c5
I0298,"[-4.404859, 1.896547, 2.408336, -1.188658, 2.346766, 3.044467, 0.415542, 1.088984, -1.233437, 2.759919, 1.009335, -5.943458, -1.206594, 2.71599, -3.066736, -0.364176]",c0
I0299,"[3.53037, -3.048262, 1.620088, -0.282515, -2.894745, 1.982865, 3.272838, 6.098943, -0.967938, 4.601794, -0.939176, -2.237853, 3.026932, -0.914522, -0.318322, -3.115638]",c5
