request_id,account_id,distance_deg,score
Q00000,A0032,1.078986,0.78521
Q00001,A0049,2.827659,0.246104
Q00002,A0021,2.310911,0.691147
Q00003,A0020,0.698688,0.854882
Q00004,A0012,1.603304,0.531062
Q00005,A0042,1.59351,0.200284
Q00006,A0014,1.328496,0.677259
Q00007,A0050,0.405113,0.28906
Q00008,A0031,2.532994,0.097382
Q00009,A0023,1.984002,0.6527
Q00010,A0017,4.420331,0.500647
Q00011,A0005,1.831021,0.337318
Q00012,A0054,1.989671,0.333086
Q00013,A0009,1.633304,0.215219
Q00014,A0052,1.469418,0.724397
Q00015,A0030,5.619062,0.103942
Q00016,A0018,0.136128,0.846695
Q00017,A0029,2.877519,0.236721
Q00018,A0055,1.516796,0.337921
Q00019,A0012,1.285851,0.562807
Q00020,A0045,3.428308,0.357566
Q00021,A0030,3.368169,0.329031
Q00022,A0025,0.886801,0.799696
Q00023,A0006,1.129547,0.699371
Q00024,A0029,1.670604,0.357413
Q00025,A0003,3.608059,0.519268
Q00026,A0042,1.382482,0.221387
Q00027,A0036,2.101568,0.522135
Q00028,A0002,0.393166,0.49555
Q00029,A0002,1.808469,0.35402
Q00030,A0038,2.643989,0.263996
Q00031,A0033,2.067741,0.405269
Q00032,A0056,0.913552,0.831984
Q00033,A0037,3.118284,0.136629
Q00034,A0038,2.008553,0.32754
Q00035,A0007,2.900717,0.422458
Q00036,A0048,1.738812,0.609886
Q00037,A0015,1.782246,0.541481
Q00038,A0051,2.59035,0.155972
Q00039,A0048,1.464493,0.637318
Q00040,A0050,2.600827,0.069488
Q00041,A0039,1.473808,0.542764
Q00042,A0035,0.710038,0.395397
Q00043,A0029,2.17612,0.306861
Q00044,A0052,1.437726,0.727566
Q00045,A0026,2.685589,0.582595
Q00046,A0012,2.945253,0.396867
Q00047,A0040,2.270338,0.200829
Q00048,A0049,0.832299,0.44564
Q00049,A0008,3.397019,0.387767
Q00050,A0044,1.821711,0.580363
Q00051,A0047,1.00583,0.558188
Q00052,A0006,1.114016,0.700924
Q00053,A0030,2.008449,0.465003
Q00054,A0043,1.780948,0.234226
Q00055,A0038,2.739703,0.254425
Q00056,A0054,1.691584,0.362895
Q00057,A0045,2.37356,0.463041
Q00058,A0015,1.350187,0.584687
Q00059,A0042,3.570008,0.002634
Q00060,A0038,1.967901,0.331605
Q00061,A0047,4.071636,0.251607
Q00062,A0053,1.479647,0.195385
Q00063,A0009,4.152424,-0.036693
Q00064,A0057,2.086394,0.421626
Q00065,A0023,2.188992,0.632201
Q00066,A0029,0.299592,0.494514
Q00067,A0055,1.067131,0.382888
Q00068,A0037,1.683526,0.280104
Q00069,A0039,0.944096,0.595735
Q00070,A0047,0.550788,0.603692
Q00071,A0024,1.868048,0.246727
Q00072,A0024,1.82597,0.250935
Q00073,A0055,3.378419,0.151759
Q00074,A0020,1.705964,0.754155
Q00075,A0023,1.750496,0.67605
Q00076,A0034,0.738752,0.438291
Q00077,A0057,3.627749,0.26749
Q00078,A0049,2.288386,0.300031
Q00079,A0052,1.528714,0.718468
Q00080,A0058,0.472406,0.717069
Q00081,A0054,1.704576,0.361595
Q00082,A0001,2.347867,0.31392
Q00083,A0020,1.973492,0.727402
Q00084,A0035,1.321032,0.334298
Q00085,A0003,1.572678,0.722806
Q00086,A0019,0.993216,0.389138
Q00087,A0011,2.682564,0.636404
Q00088,A0055,1.139423,0.375659
Q00089,A0044,1.036991,0.658835
Q00090,A0016,0.48935,0.52392
Q00091,A0049,1.824366,0.346433
Q00092,A0039,2.571616,0.432983
Q00093,A0030,3.496623,0.316186
Q00094,A0054,3.587674,0.173286
Q00095,A0006,1.563327,0.655993
Q00096,A0053,1.460309,0.197319
Q00097,A0046,0.64029,0.753435
Q00098,A0019,0.891903,0.39927
Q00099,A0035,3.095318,0.156869
Q00100,A0029,1.817689,0.342704
Q00101,A0053,1.569247,0.186425
Q00102,A0004,2.878981,0.017053
Q00103,A0010,1.59348,0.504704
Q00104,A0012,0.257299,0.665662
Q00105,A0020,1.406743,0.784077
Q00106,A0044,2.853963,0.477138
Q00107,A0028,3.201238,0.464606
Q00108,A0009,0.488121,0.329737
Q00109,A0016,3.39365,0.23349
Q00110,A0025,0.540461,0.83433
Q00111,A0055,0.202899,0.469311
Q00112,A0034,1.019573,0.410209
Q00113,A0056,0.762012,0.847138
Q00114,A0011,2.458348,0.658825
Q00115,A0049,2.682749,0.260595
Q00116,A0027,1.601233,0.177461
Q00117,A0005,0.631434,0.457277
Q00118,A0053,4.367761,-0.093426
Q00119,A0032,2.447414,0.648368
Q00120,A0029,1.645666,0.359906
Q00121,A0052,3.989556,0.472383
Q00122,A0022,3.544882,0.334422
Q00123,A0014,1.812661,0.628843
Q00124,A0008,2.209922,0.506477
Q00125,A0009,1.86799,0.19175
Q00126,A0000,2.26034,0.156549
Q00127,A0027,1.681818,0.169402
Q00128,A0025,1.440297,0.744346
Q00129,A0038,2.643973,0.263998
Q00130,A0029,2.220708,0.302402
Q00131,A0026,1.503049,0.700849
Q00132,A0016,0.680387,0.504816
Q00133,A0000,1.705297,0.212053
Q00134,A0040,1.324891,0.295374
Q00135,A0036,1.562356,0.576056
Q00136,A0005,2.687109,0.251709
Q00137,A0027,3.05853,0.031731
Q00138,A0039,3.602844,0.329861
Q00139,A0055,4.04736,0.084865
Q00140,A0021,0.687966,0.853441
Q00141,A0037,1.112401,0.337217
Q00142,A0025,1.558399,0.732536
Q00143,A0057,0.765484,0.553717
Q00144,A0055,1.774302,0.312171
Q00145,A0049,1.219693,0.406901
Q00146,A0057,2.03494,0.426771
Q00147,A0033,4.098556,0.202187
Q00148,A0010,1.345799,0.529472
Q00149,A0016,1.104187,0.462436
Q00150,A0028,2.0563,0.5791
Q00151,A0017,2.18299,0.724381
Q00152,A0034,1.749492,0.337217
Q00153,A0005,1.740974,0.346323
Q00154,A0053,1.328934,0.210457
Q00155,A0030,4.049718,0.260876
Q00156,A0041,1.521328,0.608292
Q00157,A0020,2.961588,0.628592
Q00158,A0048,3.350487,0.448718
Q00159,A0035,2.581724,0.208229
Q00160,A0021,0.823416,0.839896
Q00161,A0033,1.478943,0.464149
Q00162,A0015,2.098751,0.509831
Q00163,A0038,2.279998,0.300395
Q00164,A0051,2.229697,0.192037
Q00165,A0007,1.963974,0.516133
Q00166,A0039,1.266404,0.563505
Q00167,A0009,0.834787,0.29507
Q00168,A0037,1.967201,0.251737
Q00169,A0039,1.705957,0.519549
Q00170,A0024,2.180206,0.215511
Q00171,A0020,2.410838,0.683667
Q00172,A0048,2.021156,0.581651
Q00173,A0058,1.520714,0.612239
Q00174,A0051,1.371913,0.277816
Q00175,A0057,2.582478,0.372017
Q00176,A0019,1.475794,0.340881
Q00177,A0017,1.550807,0.787599
Q00178,A0058,1.542381,0.610072
Q00179,A0049,1.731571,0.355713
Q00180,A0018,1.286553,0.731653
Q00181,A0001,1.2189,0.426817
Q00182,A0028,1.800052,0.604725
Q00183,A0002,1.927338,0.342133
Q00184,A0028,3.021037,0.482626
Q00185,A0025,2.385972,0.649779
Q00186,A0035,2.538244,0.212577
Q00187,A0046,3.327201,0.484744
Q00188,A0027,1.368037,0.20078
Q00189,A0025,1.223083,0.766068
Q00190,A0011,1.486943,0.755966
Q00191,A0045,1.811083,0.519289
Q00192,A0034,3.023112,0.209855
Q00193,A0001,3.205408,0.228166
Q00194,A0023,0.117279,0.839372
Q00195,A0056,1.509749,0.772364
Q00196,A0012,1.634683,0.527924
Q00197,A0000,2.026268,0.179956
Q00198,A0041,1.066616,0.653763
Q00199,A0013,3.322284,0.231595
Q00200,A0035,1.621653,0.304236
Q00201,A0029,0.702123,0.454261
Q00202,A0041,1.187277,0.641697
Q00203,A0057,1.116421,0.518623
Q00204,A0026,2.607652,0.590389
Q00205,A0020,1.508894,0.773862
Q00206,A0026,1.845197,0.666634
Q00207,A0038,2.565137,0.271881
Q00208,A0056,0.727044,0.850635
Q00209,A0054,0.579802,0.474073
Q00210,A0040,1.926499,0.235213
Q00211,A0053,1.253099,0.21804
Q00212,A0045,4.241078,0.276289
Q00213,A0040,0.996642,0.328199
Q00214,A0043,1.994607,0.21286
Q00215,A0056,2.529867,0.670352
Q00216,A0006,1.240434,0.688283
Q00217,A0016,2.811652,0.29169
Q00218,A0003,1.006603,0.779414
Q00219,A0022,2.249048,0.464005
Q00220,A0010,0.949624,0.56909
Q00221,A0013,2.365429,0.32728
Q00222,A0034,1.17289,0.394877
Q00223,A0050,0.623763,0.267195
Q00224,A0036,5.419432,0.190349
Q00225,A0042,1.281968,0.231438
Q00226,A0031,2.086892,0.141992
Q00227,A0011,1.230883,0.781572
Q00228,A0025,1.979658,0.69041
Q00229,A0048,1.714186,0.612348
Q00230,A0021,0.988189,0.823419
Q00231,A0042,1.315479,0.228087
Q00232,A0044,1.501937,0.61234
Q00233,A0003,0.743819,0.805692
Q00234,A0032,2.596727,0.633436
Q00235,A0005,2.643608,0.256059
Q00236,A0057,3.298922,0.300373
Q00237,A0053,2.880359,0.055314
Q00238,A0000,2.954287,0.087154
Q00239,A0057,0.374558,0.592809
Q00240,A0031,2.230812,0.1276
Q00241,A0015,2.658066,0.453899
Q00242,A0000,2.434382,0.139145
Q00243,A0032,2.372519,0.655857
Q00244,A0052,3.690046,0.502334
Q00245,A0040,1.411379,0.286725
Q00246,A0045,2.654326,0.434964
Q00247,A0041,1.958068,0.564618
Q00248,A0049,1.080198,0.42085
Q00249,A0031,2.004867,0.150194
Q00250,A0013,2.030026,0.36082
Q00251,A0056,2.224111,0.700928
Q00252,A0008,2.547008,0.472768
Q00253,A0015,2.642048,0.455501
Q00254,A0011,0.827188,0.821941
Q00255,A0056,2.056953,0.717644
Q00256,A0051,1.846848,0.230322
Q00257,A0012,3.196078,0.371784
Q00258,A0029,1.616894,0.362784
Q00259,A0029,4.214306,0.103042
Q00260,A0053,2.036563,0.139694
Q00261,A0029,0.901799,0.434293
Q00262,A0024,2.510522,0.18248
Q00263,A0055,1.877069,0.301894
Q00264,A0013,1.946926,0.36913
Q00265,A0033,1.289277,0.483115
Q00266,A0058,0.926031,0.671707
Q00267,A0032,4.72694,0.420415
Q00268,A0025,2.600839,0.628292
Q00269,A0036,1.228433,0.609449
Q00270,A0036,3.226173,0.409675
Q00271,A0026,1.985614,0.652593
Q00272,A0013,1.796757,0.384147
Q00273,A0007,2.178249,0.494705
Q00274,A0027,2.120707,0.125513
Q00275,A0057,1.300403,0.500225
Q00276,A0023,0.641561,0.786944
Q00277,A0051,1.074774,0.30753
Q00278,A0042,1.276121,0.232023
Q00279,A0043,3.692577,0.043063
Q00280,A0012,2.739403,0.417452
Q00281,A0003,2.5207,0.628004
Q00282,A0054,1.601994,0.371854
Q00283,A0021,1.754567,0.746781
Q00284,A0008,1.013534,0.626116
Q00285,A0050,0.86125,0.243446
Q00286,A0046,1.471273,0.670337
Q00287,A0036,1.83029,0.549263
Q00288,A0016,0.896087,0.483246
Q00289,A0059,2.900786,0.628203
Q00290,A0038,1.904067,0.337988
Q00291,A0013,2.135616,0.350261
Q00292,A0031,1.086628,0.242018
Q00293,A0049,0.855626,0.443307
Q00294,A0024,2.491639,0.184368
Q00295,A0017,1.063367,0.836343
Q00296,A0018,1.079609,0.752347
Q00297,A0026,0.93932,0.757222
Q00298,A0028,1.470857,0.637644
Q00299,A0055,0.516634,0.437938
Q00300,A0030,0.16461,0.649387
Q00301,A0056,3.066904,0.616649
Q00302,A0019,3.283117,0.160148
Q00303,A0054,1.784978,0.353555
Q00304,A0043,1.977241,0.214597
Q00305,A0009,2.481869,0.130362
Q00306,A0044,2.329596,0.529574
Q00307,A0040,2.491022,0.178761
Q00308,A0043,1.970429,0.215278
Q00309,A0039,1.000877,0.590057
Q00310,A0029,1.837473,0.340726
Q00311,A0047,1.969421,0.461829
Q00312,A0020,0.815158,0.843235
Q00313,A0013,3.007728,0.26305
Q00314,A0051,1.466558,0.268351
Q00315,A0056,1.90952,0.732387
Q00316,A0033,0.350248,0.577018
Q00317,A0036,1.796496,0.552642
Q00318,A0057,1.169048,0.51336
Q00319,A0044,0.242013,0.738333
Q00320,A0011,1.59268,0.745392
Q00321,A0004,2.90593,0.014358
Q00322,A0022,2.902186,0.398691
Q00323,A0008,0.470414,0.680428
Q00324,A0034,1.792051,0.332961
Q00325,A0008,3.305193,0.39695
Q00326,A0049,4.282568,0.100613
Q00327,A0039,2.445141,0.445631
Q00328,A0044,0.879289,0.674605
Q00329,A0054,2.059526,0.3261
Q00330,A0020,1.336576,0.791093
Q00331,A0002,1.960412,0.338826
Q00332,A0002,0.134217,0.521445
Q00333,A0026,3.731916,0.477962
Q00334,A0008,0.969509,0.630518
Q00335,A0029,2.63623,0.26085
Q00336,A0055,1.207659,0.368835
Q00337,A0041,0.654972,0.694928
Q00338,A0056,3.270508,0.596288
Q00339,A0004,2.088298,0.096121
Q00340,A0021,3.763166,0.545921
Q00341,A0022,3.14034,0.374876
Q00342,A0042,1.528004,0.206835
Q00343,A0008,1.355799,0.591889
Q00344,A0001,2.606724,0.288035
Q00345,A0026,1.110612,0.740093
Q00346,A0009,1.103372,0.268212
Q00347,A0011,2.494207,0.655239
Q00348,A0014,1.403001,0.669809
Q00349,A0025,1.48585,0.739791
Q00350,A0013,1.006613,0.463162
Q00351,A0039,1.103852,0.57976
Q00352,A0009,0.591538,0.319395
Q00353,A0024,0.862496,0.347282
Q00354,A0004,3.34641,-0.02969
Q00355,A0022,4.121627,0.276747
Q00356,A0012,2.139902,0.477402
Q00357,A0059,3.124153,0.605867
Q00358,A0002,1.326627,0.402204
Q00359,A0035,2.778942,0.188507
Q00360,A0014,1.618799,0.648229
Q00361,A0044,2.826392,0.479895
Q00362,A0047,1.110581,0.547713
Q00363,A0012,1.776607,0.513731
Q00364,A0019,0.700873,0.418373
Q00365,A0044,4.349204,0.327614
Q00366,A0016,1.491313,0.423724
Q00367,A0039,2.183172,0.471828
Q00368,A0037,1.714944,0.276963
Q00369,A0012,0.836779,0.607714
Q00370,A0005,0.712266,0.449193
Q00371,A0040,1.837613,0.244102
Q00372,A0014,1.071782,0.702931
Q00373,A0036,2.365524,0.49574
Q00374,A0031,1.584576,0.192223
Q00375,A0014,2.665977,0.543511
Q00376,A0004,2.402418,0.064709
Q00377,A0000,3.682178,0.014365
Q00378,A0052,2.452679,0.626071
Q00379,A0020,1.165583,0.808193
Q00380,A0040,2.133133,0.21455
Q00381,A0039,3.081463,0.381999
Q00382,A0000,1.546623,0.227921
Q00383,A0012,2.084254,0.482967
Q00384,A0011,1.811426,0.723517
Q00385,A0042,0.720414,0.287594
Q00386,A0054,2.234607,0.308592
Q00387,A0058,0.623807,0.701929
Q00388,A0050,0.468488,0.282722
Q00389,A0052,2.000676,0.671271
Q00390,A0037,1.666112,0.281846
Q00391,A0032,0.51522,0.841587
Q00392,A0010,1.983506,0.465701
Q00393,A0027,2.539573,0.083627
Q00394,A0043,2.07057,0.205264
Q00395,A0049,1.073916,0.421478
Q00396,A0051,0.958637,0.319143
Q00397,A0058,0.90472,0.673838
Q00398,A0004,1.519847,0.152966
Q00399,A0001,0.843489,0.464358
