account_id,event_time,amount,balance,credit_score,tier,sessions_7d,health_score,churned,source
A0000,1767230146000,6.74,1196.05,\N,\N,\N,\N,\N,transactions
A0000,1767230146000,6.74,1196.05,\N,\N,\N,\N,\N,transactions
A0000,1767418190000,37.85,1424.53,\N,\N,\N,\N,\N,transactions
A0000,1768783091000,9.11,1010.21,\N,\N,\N,\N,\N,transactions
A0000,1770176841000,13.64,1040.31,\N,\N,\N,\N,\N,transactions
A0000,1770669207000,23.02,1566.83,\N,\N,\N,\N,\N,transactions
A0000,1771100276000,21.14,1426.14,\N,\N,\N,\N,\N,transactions
A0000,1772717625000,143.64,600.05,\N,\N,\N,\N,\N,transactions
A0000,1774293312000,20.5,837.27,\N,\N,\N,\N,\N,transactions
A0001,1767230298000,25.28,7193.97,\N,\N,\N,\N,\N,transactions
A0001,1768362495000,7.64,7170.01,\N,\N,\N,\N,\N,transactions
A0001,1769430443000,5.6,7103.64,\N,\N,\N,\N,\N,transactions
A0001,1771574363000,12.62,7794.85,\N,\N,\N,\N,\N,transactions
A0001,1772498649000,41.95,8031.18,\N,\N,\N,\N,\N,transactions
A0001,1772860516000,85.67,7566.48,\N,\N,\N,\N,\N,transactions
A0001,1774117914000,21.51,7421.25,\N,\N,\N,\N,\N,transactions
A0001,1774800960000,27.45,7644.44,\N,\N,\N,\N,\N,transactions
A0002,1767249839000,96.22,4174.94,\N,\N,\N,\N,\N,transactions
A0002,1768454133000,26.61,4228.62,\N,\N,\N,\N,\N,transactions
A0002,1771098379000,25.77,3760.77,\N,\N,\N,\N,\N,transactions
A0002,1771752812000,42.3,3487.04,\N,\N,\N,\N,\N,transactions
A0002,1772430349000,15.01,2553.92,\N,\N,\N,\N,\N,transactions
A0002,1772678797000,78.88,1991.51,\N,\N,\N,\N,\N,transactions
A0002,1774401405000,179.8,1625.92,\N,\N,\N,\N,\N,transactions
A0003,1767274135000,22.96,596.85,\N,\N,\N,\N,\N,transactions
A0003,1769178582000,12.12,574.93,\N,\N,\N,\N,\N,transactions
A0003,1769368781000,29.15,629.78,\N,\N,\N,\N,\N,transactions
A0003,1770350566000,14.38,807.42,\N,\N,\N,\N,\N,transactions
A0003,1770770649000,22.76,981.82,\N,\N,\N,\N,\N,transactions
A0003,1774206073000,24.04,870.31,\N,\N,\N,\N,\N,transactions
A0003,1774206073000,24.04,870.31,\N,\N,\N,\N,\N,transactions
A0004,1767233658000,55.06,8714.93,\N,\N,\N,\N,\N,transactions
A0004,1767531848000,17.11,9009.85,\N,\N,\N,\N,\N,transactions
A0004,1768744117000,89.33,8941.12,\N,\N,\N,\N,\N,transactions
A0004,1770521652000,15.38,8916.02,\N,\N,\N,\N,\N,transactions
A0004,1773787412000,23.07,9030.42,\N,\N,\N,\N,\N,transactions
A0005,1767310980000,25.63,4562.85,\N,\N,\N,\N,\N,transactions
A0005,1768501426000,33.42,4787.26,\N,\N,\N,\N,\N,transactions
A0005,1771427024000,61.58,5060.23,\N,\N,\N,\N,\N,transactions
A0005,1771547234000,145.92,4889.91,\N,\N,\N,\N,\N,transactions
A0005,1773800449000,23.63,4997.82,\N,\N,\N,\N,\N,transactions
A0005,1774200432000,44.25,4684.88,\N,\N,\N,\N,\N,transactions
A0006,1767289672000,237.53,5864.41,\N,\N,\N,\N,\N,transactions
A0006,1767687860000,112.98,5881.84,\N,\N,\N,\N,\N,transactions
A0006,1768477922000,33.6,5589.22,\N,\N,\N,\N,\N,transactions
A0006,1769700976000,39.31,6124.41,\N,\N,\N,\N,\N,transactions
A0006,1770573672000,22.48,6135.51,\N,\N,\N,\N,\N,transactions
A0006,1770782160000,31.43,6547.24,\N,\N,\N,\N,\N,transactions
A0006,1773737032000,52.16,6492.43,\N,\N,\N,\N,\N,transactions
A0007,1767242441000,119.32,6590.68,\N,\N,\N,\N,\N,transactions
A0007,1769103175000,31.95,5813.5,\N,\N,\N,\N,\N,transactions
A0007,1769103175000,31.95,5813.5,\N,\N,\N,\N,\N,transactions
A0007,1769148512000,31.33,5359.38,\N,\N,\N,\N,\N,transactions
A0007,1769953632000,75.24,5896.76,\N,\N,\N,\N,\N,transactions
A0007,1770811845000,128.73,5926.03,\N,\N,\N,\N,\N,transactions
A0007,1771847954000,19.64,6210.39,\N,\N,\N,\N,\N,transactions
A0007,1772068154000,286.54,6572.13,\N,\N,\N,\N,\N,transactions
A0007,1773220606000,17.09,7355.24,\N,\N,\N,\N,\N,transactions
A0007,1774767191000,16.04,7157.01,\N,\N,\N,\N,\N,transactions
A0008,1767263615000,13.99,4898.25,\N,\N,\N,\N,\N,transactions
A0008,1770510479000,91.24,4839.94,\N,\N,\N,\N,\N,transactions
A0008,1771450015000,74.78,6079.19,\N,\N,\N,\N,\N,transactions
A0008,1771664326000,112.34,6492.41,\N,\N,\N,\N,\N,transactions
A0008,1772344550000,105.63,6173.01,\N,\N,\N,\N,\N,transactions
A0008,1772756769000,14.47,6267.98,\N,\N,\N,\N,\N,transactions
A0008,1773415439000,47.79,6388.12,\N,\N,\N,\N,\N,transactions
A0009,1767232812000,22.22,3612.1,\N,\N,\N,\N,\N,transactions
A0009,1767974149000,11.53,3189.32,\N,\N,\N,\N,\N,transactions
A0009,1767974149000,11.53,3189.32,\N,\N,\N,\N,\N,transactions
A0009,1768208051000,30.46,3089.86,\N,\N,\N,\N,\N,transactions
A0009,1772109281000,9.12,3382.1,\N,\N,\N,\N,\N,transactions
A0009,1773832904000,33.26,3410.56,\N,\N,\N,\N,\N,transactions
A0010,1767258807000,4.36,2594.53,\N,\N,\N,\N,\N,transactions
A0010,1767461629000,23.39,2538.51,\N,\N,\N,\N,\N,transactions
A0010,1768544099000,48.6,2967.89,\N,\N,\N,\N,\N,transactions
A0010,1772852794000,208.95,2621.68,\N,\N,\N,\N,\N,transactions
A0010,1774783929000,26.81,2961.48,\N,\N,\N,\N,\N,transactions
A0011,1770318929000,43.07,5994.25,\N,\N,\N,\N,\N,transactions
A0011,1771252753000,54.0,6029.16,\N,\N,\N,\N,\N,transactions
A0011,1772112528000,7.49,5710.99,\N,\N,\N,\N,\N,transactions
A0011,1773919619000,19.32,5573.61,\N,\N,\N,\N,\N,transactions
A0011,1774546051000,21.14,5133.6,\N,\N,\N,\N,\N,transactions
A0012,1767276122000,43.1,6181.91,\N,\N,\N,\N,\N,transactions
A0012,1767761757000,16.32,7438.36,\N,\N,\N,\N,\N,transactions
A0012,1769609643000,24.41,6699.42,\N,\N,\N,\N,\N,transactions
A0012,1770278528000,56.36,6804.3,\N,\N,\N,\N,\N,transactions
A0012,1770278528000,56.36,6804.3,\N,\N,\N,\N,\N,transactions
A0012,1770786352000,17.5,7275.84,\N,\N,\N,\N,\N,transactions
A0012,1773647960000,133.21,7310.47,\N,\N,\N,\N,\N,transactions
A0013,1768982036000,75.23,6030.68,\N,\N,\N,\N,\N,transactions
A0013,1769342105000,102.12,5900.81,\N,\N,\N,\N,\N,transactions
A0013,1769553295000,22.96,5313.04,\N,\N,\N,\N,\N,transactions
A0013,1770154005000,9.42,5769.58,\N,\N,\N,\N,\N,transactions
A0013,1771002904000,127.38,6151.29,\N,\N,\N,\N,\N,transactions
A0013,1772916364000,173.69,6922.83,\N,\N,\N,\N,\N,transactions
A0014,1767256198000,23.67,2148.67,\N,\N,\N,\N,\N,transactions
A0014,1767539568000,9.16,2337.81,\N,\N,\N,\N,\N,transactions
A0014,1767591071000,96.46,2064.06,\N,\N,\N,\N,\N,transactions
A0014,1773817082000,72.17,2533.23,\N,\N,\N,\N,\N,transactions
A0015,1768915996000,18.93,4929.61,\N,\N,\N,\N,\N,transactions
A0015,1770170081000,225.52,4348.89,\N,\N,\N,\N,\N,transactions
A0015,1770239391000,71.37,4417.59,\N,\N,\N,\N,\N,transactions
A0015,1772032678000,27.13,3897.44,\N,\N,\N,\N,\N,transactions
A0015,1774240319000,106.55,3570.36,\N,\N,\N,\N,\N,transactions
A0016,1767260875000,28.67,4364.28,\N,\N,\N,\N,\N,transactions
A0016,1767260875000,28.67,4364.28,\N,\N,\N,\N,\N,transactions
A0016,1767623942000,47.81,3370.43,\N,\N,\N,\N,\N,transactions
A0016,1767822989000,26.94,2753.49,\N,\N,\N,\N,\N,transactions
A0016,1769437595000,42.28,2355.59,\N,\N,\N,\N,\N,transactions
A0016,1773839639000,9.3,2279.21,\N,\N,\N,\N,\N,transactions
A0016,1774214830000,40.96,2410.45,\N,\N,\N,\N,\N,transactions
A0017,1767249126000,33.83,5633.3,\N,\N,\N,\N,\N,transactions
A0017,1767789502000,86.64,5327.62,\N,\N,\N,\N,\N,transactions
A0017,1768936139000,28.29,5831.29,\N,\N,\N,\N,\N,transactions
A0017,1771350038000,54.94,6146.77,\N,\N,\N,\N,\N,transactions
A0017,1771596356000,27.1,6038.08,\N,\N,\N,\N,\N,transactions
A0017,1771974514000,33.63,5444.14,\N,\N,\N,\N,\N,transactions
A0017,1773693686000,56.71,5350.42,\N,\N,\N,\N,\N,transactions
A0017,1774891688000,19.37,5664.72,\N,\N,\N,\N,\N,transactions
A0018,1768428912000,110.86,742.66,\N,\N,\N,\N,\N,transactions
A0018,1768428912000,110.86,742.66,\N,\N,\N,\N,\N,transactions
A0018,1769013668000,87.75,1104.54,\N,\N,\N,\N,\N,transactions
A0018,1770380689000,41.11,1184.73,\N,\N,\N,\N,\N,transactions
A0018,1773030081000,44.8,1534.77,\N,\N,\N,\N,\N,transactions
A0018,1774613692000,116.75,1762.46,\N,\N,\N,\N,\N,transactions
A0019,1767270244000,21.05,6742.4,\N,\N,\N,\N,\N,transactions
A0019,1769047578000,15.69,6477.77,\N,\N,\N,\N,\N,transactions
A0019,1770600300000,61.36,6377.91,\N,\N,\N,\N,\N,transactions
A0019,1771427079000,8.22,6456.8,\N,\N,\N,\N,\N,transactions
A0019,1772542505000,28.51,7117.28,\N,\N,\N,\N,\N,transactions
A0019,1772542505000,28.51,7117.28,\N,\N,\N,\N,\N,transactions
A0019,1772555990000,15.64,7267.41,\N,\N,\N,\N,\N,transactions
A0019,1772555990000,15.64,7267.41,\N,\N,\N,\N,\N,transactions
A0019,1773812924000,8.12,7680.01,\N,\N,\N,\N,\N,transactions
A0019,1774947615000,51.03,7783.36,\N,\N,\N,\N,\N,transactions
A0020,1767291887000,118.38,4245.46,\N,\N,\N,\N,\N,transactions
A0020,1768748689000,139.74,4612.71,\N,\N,\N,\N,\N,transactions
A0020,1769013213000,18.6,4505.97,\N,\N,\N,\N,\N,transactions
A0020,1769182055000,31.05,4087.2,\N,\N,\N,\N,\N,transactions
A0020,1769666020000,45.11,3814.68,\N,\N,\N,\N,\N,transactions
A0020,1771171119000,14.81,4881.72,\N,\N,\N,\N,\N,transactions
A0020,1774759035000,4.25,5356.7,\N,\N,\N,\N,\N,transactions
A0020,1774759035000,4.25,5356.7,\N,\N,\N,\N,\N,transactions
A0021,1767784530000,17.14,3814.65,\N,\N,\N,\N,\N,transactions
A0021,1770221170000,25.32,3978.28,\N,\N,\N,\N,\N,transactions
A0021,1770704865000,70.01,3803.53,\N,\N,\N,\N,\N,transactions
A0021,1771393986000,10.81,3467.06,\N,\N,\N,\N,\N,transactions
A0021,1774276752000,10.34,3598.23,\N,\N,\N,\N,\N,transactions
A0021,1774834059000,6.16,3476.62,\N,\N,\N,\N,\N,transactions
A0022,1767228542000,117.98,88.15,\N,\N,\N,\N,\N,transactions
A0022,1767870100000,11.54,-382.1,\N,\N,\N,\N,\N,transactions
A0022,1769536638000,61.98,89.86,\N,\N,\N,\N,\N,transactions
A0022,1770187063000,3.34,-746.63,\N,\N,\N,\N,\N,transactions
A0022,1770388175000,27.82,-1566.46,\N,\N,\N,\N,\N,transactions
A0022,1771769358000,183.38,-1416.34,\N,\N,\N,\N,\N,transactions
A0022,1773726563000,16.67,-1464.55,\N,\N,\N,\N,\N,transactions
A0022,1774333992000,64.33,-1549.58,\N,\N,\N,\N,\N,transactions
A0023,1767289258000,35.62,3805.55,\N,\N,\N,\N,\N,transactions
A0023,1767691008000,128.64,4163.35,\N,\N,\N,\N,\N,transactions
A0023,1768440225000,71.45,3816.88,\N,\N,\N,\N,\N,transactions
A0023,1768943099000,24.9,3769.84,\N,\N,\N,\N,\N,transactions
A0023,1772294323000,30.03,3704.16,\N,\N,\N,\N,\N,transactions
A0023,1772705651000,73.31,3105.09,\N,\N,\N,\N,\N,transactions
A0023,1774679895000,73.72,3384.71,\N,\N,\N,\N,\N,transactions
A0024,1767278107000,424.29,6064.07,\N,\N,\N,\N,\N,transactions
A0024,1768192022000,118.92,6005.52,\N,\N,\N,\N,\N,transactions
A0024,1769505100000,86.12,6610.58,\N,\N,\N,\N,\N,transactions
A0024,1770016625000,28.9,6028.76,\N,\N,\N,\N,\N,transactions
A0024,1773157717000,13.28,6016.11,\N,\N,\N,\N,\N,transactions
A0025,1767274831000,4.67,5434.84,\N,\N,\N,\N,\N,transactions
A0025,1767274831000,4.67,5434.84,\N,\N,\N,\N,\N,transactions
A0025,1769653242000,6.5,5898.23,\N,\N,\N,\N,\N,transactions
A0025,1771292432000,219.09,5867.78,\N,\N,\N,\N,\N,transactions
A0025,1771507651000,13.42,5888.17,\N,\N,\N,\N,\N,transactions
A0025,1771532602000,37.75,6613.05,\N,\N,\N,\N,\N,transactions
A0025,1772027333000,35.21,6350.49,\N,\N,\N,\N,\N,transactions
A0025,1772543309000,66.41,6264.46,\N,\N,\N,\N,\N,transactions
A0025,1774254715000,13.32,6071.91,\N,\N,\N,\N,\N,transactions
A0026,1767289237000,37.39,5591.1,\N,\N,\N,\N,\N,transactions
A0026,1770369566000,21.5,5567.62,\N,\N,\N,\N,\N,transactions
A0026,1771109604000,19.5,6072.97,\N,\N,\N,\N,\N,transactions
A0026,1773546207000,25.58,6456.55,\N,\N,\N,\N,\N,transactions
A0026,1774168471000,3.44,5843.46,\N,\N,\N,\N,\N,transactions
A0027,1767311054000,654.26,3637.41,\N,\N,\N,\N,\N,transactions
A0027,1768773337000,6.14,3630.57,\N,\N,\N,\N,\N,transactions
A0027,1769084624000,9.83,3829.27,\N,\N,\N,\N,\N,transactions
A0027,1771328598000,36.9,3845.79,\N,\N,\N,\N,\N,transactions
A0027,1773657562000,77.15,3804.86,\N,\N,\N,\N,\N,transactions
A0027,1774272184000,221.12,3862.25,\N,\N,\N,\N,\N,transactions
A0028,1767302007000,7.51,3524.64,\N,\N,\N,\N,\N,transactions
A0028,1770141046000,21.69,4086.2,\N,\N,\N,\N,\N,transactions
A0028,1772043098000,13.2,3983.59,\N,\N,\N,\N,\N,transactions
A0028,1772052195000,148.46,3266.81,\N,\N,\N,\N,\N,transactions
A0028,1772547057000,32.43,3664.37,\N,\N,\N,\N,\N,transactions
A0028,1774824639000,22.7,3676.85,\N,\N,\N,\N,\N,transactions
A0028,1774919805000,44.69,3626.25,\N,\N,\N,\N,\N,transactions
A0029,1767237213000,23.52,8785.89,\N,\N,\N,\N,\N,transactions
A0029,1769457887000,38.22,8795.73,\N,\N,\N,\N,\N,transactions
A0029,1771640029000,56.04,9097.97,\N,\N,\N,\N,\N,transactions
A0029,1771712806000,104.48,8620.83,\N,\N,\N,\N,\N,transactions
A0029,1774638398000,59.87,9027.54,\N,\N,\N,\N,\N,transactions
A0029,1774745085000,12.7,9333.72,\N,\N,\N,\N,\N,transactions
A0030,1767828956000,13.32,7774.09,\N,\N,\N,\N,\N,transactions
A0030,1767888441000,29.34,7910.02,\N,\N,\N,\N,\N,transactions
A0030,1769248470000,15.61,7719.2,\N,\N,\N,\N,\N,transactions
A0030,1773375638000,22.33,7354.2,\N,\N,\N,\N,\N,transactions
A0030,1773871325000,52.26,6970.68,\N,\N,\N,\N,\N,transactions
A0031,1767238589000,32.91,3227.2,\N,\N,\N,\N,\N,transactions
A0031,1767680222000,44.92,3387.87,\N,\N,\N,\N,\N,transactions
A0031,1768882975000,35.88,3383.5,\N,\N,\N,\N,\N,transactions
A0031,1769709626000,63.89,3880.55,\N,\N,\N,\N,\N,transactions
A0031,1769935151000,136.38,3218.23,\N,\N,\N,\N,\N,transactions
A0031,1772533612000,11.23,3207.18,\N,\N,\N,\N,\N,transactions
A0031,1773222010000,26.22,4268.99,\N,\N,\N,\N,\N,transactions
A0032,1767299507000,4.66,1820.07,\N,\N,\N,\N,\N,transactions
A0032,1767851143000,3.81,1561.51,\N,\N,\N,\N,\N,transactions
A0032,1768599915000,159.05,1924.56,\N,\N,\N,\N,\N,transactions
A0032,1769181849000,18.83,1735.11,\N,\N,\N,\N,\N,transactions
A0032,1772343541000,9.86,1888.75,\N,\N,\N,\N,\N,transactions
A0032,1772393682000,35.46,1542.35,\N,\N,\N,\N,\N,transactions
A0032,1773519706000,4.48,2293.52,\N,\N,\N,\N,\N,transactions
A0033,1767241329000,6.3,2937.43,\N,\N,\N,\N,\N,transactions
A0033,1768128121000,10.74,3439.45,\N,\N,\N,\N,\N,transactions
A0033,1768495621000,554.38,3130.98,\N,\N,\N,\N,\N,transactions
A0033,1770977363000,782.28,3051.28,\N,\N,\N,\N,\N,transactions
A0033,1772671685000,50.87,3002.61,\N,\N,\N,\N,\N,transactions
A0033,1774798698000,36.43,2684.72,\N,\N,\N,\N,\N,transactions
A0034,1767244736000,324.24,5454.31,\N,\N,\N,\N,\N,transactions
A0034,1770240319000,668.15,6020.43,\N,\N,\N,\N,\N,transactions
A0034,1770324503000,70.27,6185.73,\N,\N,\N,\N,\N,transactions
A0034,1770767942000,34.65,6322.19,\N,\N,\N,\N,\N,transactions
A0034,1771256124000,7.84,6623.58,\N,\N,\N,\N,\N,transactions
A0034,1771588235000,260.99,6407.16,\N,\N,\N,\N,\N,transactions
A0034,1772731833000,15.17,6509.56,\N,\N,\N,\N,\N,transactions
A0035,1767272110000,7.2,6993.64,\N,\N,\N,\N,\N,transactions
A0035,1768320171000,31.9,7140.77,\N,\N,\N,\N,\N,transactions
A0035,1770127458000,17.82,7422.94,\N,\N,\N,\N,\N,transactions
A0035,1770558537000,91.43,8046.8,\N,\N,\N,\N,\N,transactions
A0035,1773106116000,18.53,8554.46,\N,\N,\N,\N,\N,transactions
A0036,1767229504000,20.67,6331.03,\N,\N,\N,\N,\N,transactions
A0036,1767999925000,25.04,5990.39,\N,\N,\N,\N,\N,transactions
A0036,1768759351000,19.68,6064.38,\N,\N,\N,\N,\N,transactions
A0036,1770552546000,18.9,5804.3,\N,\N,\N,\N,\N,transactions
A0036,1770906455000,37.49,5486.17,\N,\N,\N,\N,\N,transactions
A0036,1772682639000,3.51,5334.17,\N,\N,\N,\N,\N,transactions
A0036,1773984926000,4.6,5941.43,\N,\N,\N,\N,\N,transactions
A0037,1767307373000,79.19,5528.36,\N,\N,\N,\N,\N,transactions
A0037,1767750650000,17.46,6283.08,\N,\N,\N,\N,\N,transactions
A0037,1770014950000,43.79,5747.42,\N,\N,\N,\N,\N,transactions
A0037,1772916016000,23.09,6443.33,\N,\N,\N,\N,\N,transactions
A0037,1773852662000,30.74,6255.63,\N,\N,\N,\N,\N,transactions
A0038,1767256429000,17.01,2673.35,\N,\N,\N,\N,\N,transactions
A0038,1767505698000,89.67,2663.08,\N,\N,\N,\N,\N,transactions
A0038,1769402232000,10.65,2413.46,\N,\N,\N,\N,\N,transactions
A0038,1770512760000,44.27,2221.33,\N,\N,\N,\N,\N,transactions
A0038,1770906575000,42.19,1950.21,\N,\N,\N,\N,\N,transactions
A0038,1772880606000,48.98,1748.97,\N,\N,\N,\N,\N,transactions
A0038,1773857855000,201.32,1598.69,\N,\N,\N,\N,\N,transactions
A0039,1767299297000,52.82,4600.71,\N,\N,\N,\N,\N,transactions
A0039,1768083411000,3.66,5168.53,\N,\N,\N,\N,\N,transactions
A0039,1772141518000,7.8,4764.83,\N,\N,\N,\N,\N,transactions
A0039,1772376885000,13.22,5490.55,\N,\N,\N,\N,\N,transactions
A0039,1773553927000,6.73,5670.23,\N,\N,\N,\N,\N,transactions
A0039,1774049171000,50.21,5933.03,\N,\N,\N,\N,\N,transactions
A0040,1767302398000,46.19,5475.0,\N,\N,\N,\N,\N,transactions
A0040,1767767606000,61.33,5003.27,\N,\N,\N,\N,\N,transactions
A0040,1771156379000,52.16,5300.83,\N,\N,\N,\N,\N,transactions
A0040,1771686743000,29.26,5666.07,\N,\N,\N,\N,\N,transactions
A0040,1772495471000,20.09,6254.03,\N,\N,\N,\N,\N,transactions
A0040,1772682389000,170.15,6776.3,\N,\N,\N,\N,\N,transactions
A0041,1767236533000,72.48,3995.31,\N,\N,\N,\N,\N,transactions
A0041,1767761854000,156.95,4263.71,\N,\N,\N,\N,\N,transactions
A0041,1768262409000,10.05,5062.0,\N,\N,\N,\N,\N,transactions
A0041,1769389326000,51.79,4984.86,\N,\N,\N,\N,\N,transactions
A0041,1772806425000,24.83,5445.92,\N,\N,\N,\N,\N,transactions
A0041,1772947108000,36.89,5449.1,\N,\N,\N,\N,\N,transactions
A0042,1767270947000,153.3,3768.54,\N,\N,\N,\N,\N,transactions
A0042,1767569907000,19.13,3794.52,\N,\N,\N,\N,\N,transactions
A0042,1768658329000,385.67,3209.03,\N,\N,\N,\N,\N,transactions
A0042,1769732731000,179.67,3283.35,\N,\N,\N,\N,\N,transactions
A0042,1770256387000,69.83,3387.47,\N,\N,\N,\N,\N,transactions
A0042,1774388631000,14.24,4085.0,\N,\N,\N,\N,\N,transactions
A0042,1774792211000,48.85,4279.71,\N,\N,\N,\N,\N,transactions
A0043,1767285636000,21.04,4922.17,\N,\N,\N,\N,\N,transactions
A0043,1768986164000,44.89,4877.09,\N,\N,\N,\N,\N,transactions
A0043,1770195120000,144.59,5129.89,\N,\N,\N,\N,\N,transactions
A0043,1771357926000,281.54,5158.22,\N,\N,\N,\N,\N,transactions
A0043,1774004756000,21.3,4788.04,\N,\N,\N,\N,\N,transactions
A0043,1774981326000,84.32,5270.99,\N,\N,\N,\N,\N,transactions
A0043,1774981326000,84.32,5270.99,\N,\N,\N,\N,\N,transactions
A0044,1767291956000,15.51,5530.6,\N,\N,\N,\N,\N,transactions
A0044,1769833391000,68.64,5327.42,\N,\N,\N,\N,\N,transactions
A0044,1771924354000,240.51,4736.34,\N,\N,\N,\N,\N,transactions
A0044,1773088823000,166.02,4186.16,\N,\N,\N,\N,\N,transactions
A0044,1773149021000,86.18,4780.61,\N,\N,\N,\N,\N,transactions
A0044,1774100314000,70.33,4778.45,\N,\N,\N,\N,\N,transactions
A0044,1774275586000,15.87,4508.91,\N,\N,\N,\N,\N,transactions
A0045,1767304395000,32.2,5321.02,\N,\N,\N,\N,\N,transactions
A0045,1769329549000,147.98,5292.7,\N,\N,\N,\N,\N,transactions
A0045,1770833381000,58.26,4961.66,\N,\N,\N,\N,\N,transactions
A0045,1772898517000,143.46,5615.65,\N,\N,\N,\N,\N,transactions
A0046,1767274937000,25.25,4493.91,\N,\N,\N,\N,\N,transactions
A0046,1767399686000,81.41,4673.06,\N,\N,\N,\N,\N,transactions
A0046,1767399686000,81.41,4673.06,\N,\N,\N,\N,\N,transactions
A0046,1767539283000,89.69,4191.3,\N,\N,\N,\N,\N,transactions
A0046,1768353526000,18.2,3500.03,\N,\N,\N,\N,\N,transactions
A0046,1769407689000,20.35,3429.05,\N,\N,\N,\N,\N,transactions
A0046,1771141561000,13.11,3419.02,\N,\N,\N,\N,\N,transactions
A0046,1774248727000,95.46,3315.81,\N,\N,\N,\N,\N,transactions
A0046,1774908654000,7.72,2657.11,\N,\N,\N,\N,\N,transactions
A0047,1767271960000,3.18,7526.88,\N,\N,\N,\N,\N,transactions
A0047,1767600130000,29.16,8204.51,\N,\N,\N,\N,\N,transactions
A0047,1767649852000,12.45,7973.87,\N,\N,\N,\N,\N,transactions
A0047,1770632853000,27.69,7834.56,\N,\N,\N,\N,\N,transactions
A0047,1771491832000,9.52,7636.04,\N,\N,\N,\N,\N,transactions
A0047,1772060887000,17.88,7784.73,\N,\N,\N,\N,\N,transactions
A0047,1772552634000,40.32,7420.09,\N,\N,\N,\N,\N,transactions
A0047,1773394606000,60.73,8443.08,\N,\N,\N,\N,\N,transactions
A0047,1773980077000,24.76,8853.62,\N,\N,\N,\N,\N,transactions
A0048,1767283363000,46.81,4783.86,\N,\N,\N,\N,\N,transactions
A0048,1768684606000,59.53,4980.91,\N,\N,\N,\N,\N,transactions
A0048,1768819998000,54.77,5113.16,\N,\N,\N,\N,\N,transactions
A0048,1769991796000,33.69,5150.74,\N,\N,\N,\N,\N,transactions
A0048,1770970324000,28.71,5183.15,\N,\N,\N,\N,\N,transactions
A0048,1774661993000,17.96,5139.01,\N,\N,\N,\N,\N,transactions
A0049,1767302361000,73.01,2665.03,\N,\N,\N,\N,\N,transactions
A0049,1767579268000,49.9,2116.52,\N,\N,\N,\N,\N,transactions
A0049,1768846589000,82.67,2323.96,\N,\N,\N,\N,\N,transactions
A0049,1772914361000,25.01,2467.6,\N,\N,\N,\N,\N,transactions
A0049,1774741717000,21.13,2390.28,\N,\N,\N,\N,\N,transactions
A0050,1767284729000,64.42,3085.44,\N,\N,\N,\N,\N,transactions
A0050,1767284729000,64.42,3085.44,\N,\N,\N,\N,\N,transactions
A0050,1768139912000,31.12,3268.06,\N,\N,\N,\N,\N,transactions
A0050,1768686136000,14.02,2672.92,\N,\N,\N,\N,\N,transactions
A0050,1769906880000,134.7,2658.58,\N,\N,\N,\N,\N,transactions
A0050,1769995806000,25.02,3590.22,\N,\N,\N,\N,\N,transactions
A0050,1770822477000,5.47,3434.39,\N,\N,\N,\N,\N,transactions
A0050,1771232281000,37.19,4665.72,\N,\N,\N,\N,\N,transactions
A0050,1773602242000,94.27,4869.75,\N,\N,\N,\N,\N,transactions
A0051,1767295692000,13.9,2865.78,\N,\N,\N,\N,\N,transactions
A0051,1767787798000,65.22,2811.86,\N,\N,\N,\N,\N,transactions
A0051,1770646784000,5.85,1752.94,\N,\N,\N,\N,\N,transactions
A0051,1770813308000,72.37,1814.27,\N,\N,\N,\N,\N,transactions
A0051,1773092011000,36.44,1770.85,\N,\N,\N,\N,\N,transactions
A0051,1773092011000,36.44,1770.85,\N,\N,\N,\N,\N,transactions
A0051,1774282888000,2.68,2247.72,\N,\N,\N,\N,\N,transactions
A0052,1767241474000,44.53,9179.5,\N,\N,\N,\N,\N,transactions
A0052,1767451663000,92.07,9047.05,\N,\N,\N,\N,\N,transactions
A0052,1768150725000,153.53,8939.79,\N,\N,\N,\N,\N,transactions
A0052,1770890824000,18.72,8941.81,\N,\N,\N,\N,\N,transactions
A0052,1771037041000,11.8,8492.78,\N,\N,\N,\N,\N,transactions
A0052,1771266203000,43.49,8569.45,\N,\N,\N,\N,\N,transactions
A0052,1771610264000,63.44,8600.78,\N,\N,\N,\N,\N,transactions
A0052,1774190774000,11.34,8270.4,\N,\N,\N,\N,\N,transactions
A0052,1774689579000,441.07,7577.8,\N,\N,\N,\N,\N,transactions
A0052,1774689579000,441.07,7577.8,\N,\N,\N,\N,\N,transactions
A0053,1767233006000,119.92,4484.66,\N,\N,\N,\N,\N,transactions
A0053,1769995938000,27.52,5688.61,\N,\N,\N,\N,\N,transactions
A0053,1771974833000,35.16,5813.07,\N,\N,\N,\N,\N,transactions
A0053,1772933621000,30.91,6010.48,\N,\N,\N,\N,\N,transactions
A0053,1773313623000,43.04,6120.99,\N,\N,\N,\N,\N,transactions
A0054,1767249185000,45.04,6040.04,\N,\N,\N,\N,\N,transactions
A0054,1767640119000,4.11,6536.58,\N,\N,\N,\N,\N,transactions
A0054,1768411947000,6.79,6781.91,\N,\N,\N,\N,\N,transactions
A0054,1768653866000,21.52,6751.88,\N,\N,\N,\N,\N,transactions
A0054,1771242698000,5.54,6689.75,\N,\N,\N,\N,\N,transactions
A0054,1771616456000,20.31,6276.33,\N,\N,\N,\N,\N,transactions
A0054,1774982852000,36.34,6585.77,\N,\N,\N,\N,\N,transactions
A0055,1767284770000,32.95,3863.06,\N,\N,\N,\N,\N,transactions
A0055,1768296473000,13.42,3948.97,\N,\N,\N,\N,\N,transactions
A0055,1768573477000,15.78,3937.05,\N,\N,\N,\N,\N,transactions
A0055,1768792910000,67.62,4561.39,\N,\N,\N,\N,\N,transactions
A0055,1770940821000,3.48,5039.64,\N,\N,\N,\N,\N,transactions
A0055,1770991958000,52.56,5426.73,\N,\N,\N,\N,\N,transactions
A0055,1773080893000,3.03,6076.72,\N,\N,\N,\N,\N,transactions
A0055,1773864297000,178.06,6129.9,\N,\N,\N,\N,\N,transactions
A0056,1767248098000,12.35,5993.07,\N,\N,\N,\N,\N,transactions
A0056,1768629300000,8.69,5999.72,\N,\N,\N,\N,\N,transactions
A0056,1768938734000,118.89,5765.19,\N,\N,\N,\N,\N,transactions
A0056,1769153374000,13.75,6074.14,\N,\N,\N,\N,\N,transactions
A0056,1772912972000,5.78,5426.51,\N,\N,\N,\N,\N,transactions
A0057,1767255706000,2.76,5573.73,\N,\N,\N,\N,\N,transactions
A0057,1768079292000,3.86,5827.16,\N,\N,\N,\N,\N,transactions
A0057,1768520720000,12.26,5733.29,\N,\N,\N,\N,\N,transactions
A0057,1769855314000,14.66,6155.79,\N,\N,\N,\N,\N,transactions
A0057,1770066563000,10.85,6456.28,\N,\N,\N,\N,\N,transactions
A0057,1770202260000,38.63,5992.2,\N,\N,\N,\N,\N,transactions
A0057,1773803776000,40.98,6335.54,\N,\N,\N,\N,\N,transactions
A0058,1767245797000,11.12,6212.87,\N,\N,\N,\N,\N,transactions
A0058,1767612140000,160.58,5820.23,\N,\N,\N,\N,\N,transactions
A0058,1771002432000,50.32,5399.09,\N,\N,\N,\N,\N,transactions
A0058,1771577588000,103.66,4772.42,\N,\N,\N,\N,\N,transactions
A0058,1772542256000,18.55,5135.97,\N,\N,\N,\N,\N,transactions
A0058,1772631637000,158.36,5197.73,\N,\N,\N,\N,\N,transactions
A0059,1767274497000,50.2,4253.14,\N,\N,\N,\N,\N,transactions
A0059,1767274497000,50.2,4253.14,\N,\N,\N,\N,\N,transactions
A0059,1768427826000,60.19,4984.32,\N,\N,\N,\N,\N,transactions
A0059,1770852688000,53.48,5866.86,\N,\N,\N,\N,\N,transactions
A0059,1773331931000,82.76,5010.18,\N,\N,\N,\N,\N,transactions
A0059,1773773005000,34.91,4748.07,\N,\N,\N,\N,\N,transactions
A0060,1767276424000,39.52,9495.82,\N,\N,\N,\N,\N,transactions
A0060,1769344696000,236.04,9781.93,\N,\N,\N,\N,\N,transactions
A0060,1769898231000,33.5,9276.9,\N,\N,\N,\N,\N,transactions
A0060,1770298589000,42.75,9592.93,\N,\N,\N,\N,\N,transactions
A0060,1772032246000,10.36,9539.55,\N,\N,\N,\N,\N,transactions
A0060,1772032246000,10.36,9539.55,\N,\N,\N,\N,\N,transactions
A0060,1773287082000,96.13,9614.79,\N,\N,\N,\N,\N,transactions
A0060,1774868007000,14.44,9908.54,\N,\N,\N,\N,\N,transactions
A0061,1767267538000,31.93,4047.07,\N,\N,\N,\N,\N,transactions
A0061,1768136428000,42.28,4555.41,\N,\N,\N,\N,\N,transactions
A0061,1768179160000,26.52,4168.86,\N,\N,\N,\N,\N,transactions
A0061,1769303790000,107.39,4432.51,\N,\N,\N,\N,\N,transactions
A0061,1769823327000,59.51,5235.7,\N,\N,\N,\N,\N,transactions
A0061,1773402232000,283.83,4918.35,\N,\N,\N,\N,\N,transactions
A0061,1774250918000,29.73,5947.58,\N,\N,\N,\N,\N,transactions
A0062,1767281132000,29.07,4084.32,\N,\N,\N,\N,\N,transactions
A0062,1769136578000,3.68,4157.73,\N,\N,\N,\N,\N,transactions
A0062,1770527326000,523.48,4039.74,\N,\N,\N,\N,\N,transactions
A0062,1773002831000,30.87,3689.54,\N,\N,\N,\N,\N,transactions
A0062,1774606969000,34.07,3701.77,\N,\N,\N,\N,\N,transactions
A0063,1767229331000,29.36,4604.24,\N,\N,\N,\N,\N,transactions
A0063,1767915605000,22.24,4701.47,\N,\N,\N,\N,\N,transactions
A0063,1768260441000,30.77,4504.3,\N,\N,\N,\N,\N,transactions
A0063,1768657342000,525.54,5114.08,\N,\N,\N,\N,\N,transactions
A0063,1772642615000,84.47,3960.62,\N,\N,\N,\N,\N,transactions
A0063,1773667570000,12.15,4782.49,\N,\N,\N,\N,\N,transactions
A0064,1767251086000,19.87,6335.52,\N,\N,\N,\N,\N,transactions
A0064,1768601414000,27.64,5538.96,\N,\N,\N,\N,\N,transactions
A0064,1770116305000,32.04,5561.59,\N,\N,\N,\N,\N,transactions
A0064,1771762496000,126.93,5696.34,\N,\N,\N,\N,\N,transactions
A0064,1772361160000,18.36,5563.65,\N,\N,\N,\N,\N,transactions
A0064,1774527225000,5.7,4434.26,\N,\N,\N,\N,\N,transactions
A0064,1774886415000,46.52,5317.76,\N,\N,\N,\N,\N,transactions
A0065,1767240417000,2.07,2267.94,\N,\N,\N,\N,\N,transactions
A0065,1769048933000,7.64,2179.85,\N,\N,\N,\N,\N,transactions
A0065,1770038020000,35.36,1889.8,\N,\N,\N,\N,\N,transactions
A0065,1770148008000,43.07,1942.07,\N,\N,\N,\N,\N,transactions
A0065,1771041608000,51.45,2665.4,\N,\N,\N,\N,\N,transactions
A0065,1772829300000,94.26,2685.47,\N,\N,\N,\N,\N,transactions
A0065,1772936162000,46.5,2764.87,\N,\N,\N,\N,\N,transactions
A0065,1774804836000,76.85,2453.05,\N,\N,\N,\N,\N,transactions
A0066,1767255947000,13.34,785.93,\N,\N,\N,\N,\N,transactions
A0066,1770900623000,9.05,1381.4,\N,\N,\N,\N,\N,transactions
A0066,1772696717000,25.07,1414.01,\N,\N,\N,\N,\N,transactions
A0066,1773040193000,191.44,500.53,\N,\N,\N,\N,\N,transactions
A0066,1773855417000,36.51,358.44,\N,\N,\N,\N,\N,transactions
A0067,1767243438000,29.04,7219.06,\N,\N,\N,\N,\N,transactions
A0067,1769043622000,13.83,7690.19,\N,\N,\N,\N,\N,transactions
A0067,1769133161000,13.21,7861.44,\N,\N,\N,\N,\N,transactions
A0067,1770520796000,12.63,7981.15,\N,\N,\N,\N,\N,transactions
A0067,1771880998000,49.55,7213.72,\N,\N,\N,\N,\N,transactions
A0067,1772081241000,47.14,7065.66,\N,\N,\N,\N,\N,transactions
A0067,1773421389000,18.95,7800.59,\N,\N,\N,\N,\N,transactions
A0067,1774371774000,75.35,8249.99,\N,\N,\N,\N,\N,transactions
A0068,1767296867000,26.58,1535.31,\N,\N,\N,\N,\N,transactions
A0068,1767296867000,26.58,1535.31,\N,\N,\N,\N,\N,transactions
A0068,1767405687000,59.47,989.96,\N,\N,\N,\N,\N,transactions
A0068,1768328666000,8.53,1468.28,\N,\N,\N,\N,\N,transactions
A0068,1768328666000,8.53,1468.28,\N,\N,\N,\N,\N,transactions
A0068,1771239708000,33.43,773.53,\N,\N,\N,\N,\N,transactions
A0068,1771618790000,81.75,891.68,\N,\N,\N,\N,\N,transactions
A0068,1774489273000,5.42,482.59,\N,\N,\N,\N,\N,transactions
A0069,1767246420000,4.79,5639.54,\N,\N,\N,\N,\N,transactions
A0069,1767712741000,50.99,5103.57,\N,\N,\N,\N,\N,transactions
A0069,1770050565000,6.39,4810.55,\N,\N,\N,\N,\N,transactions
A0069,1772109415000,16.72,4648.62,\N,\N,\N,\N,\N,transactions
A0069,1772461037000,14.3,4295.94,\N,\N,\N,\N,\N,transactions
A0069,1772645508000,11.79,4737.79,\N,\N,\N,\N,\N,transactions
A0069,1773435996000,30.14,5332.27,\N,\N,\N,\N,\N,transactions
A0070,1767253338000,32.58,3417.71,\N,\N,\N,\N,\N,transactions
A0070,1768186708000,13.25,3492.96,\N,\N,\N,\N,\N,transactions
A0070,1768329873000,32.14,3113.42,\N,\N,\N,\N,\N,transactions
A0070,1768470256000,36.72,3275.93,\N,\N,\N,\N,\N,transactions
A0070,1768833005000,25.42,2987.05,\N,\N,\N,\N,\N,transactions
A0070,1770222254000,36.32,3568.8,\N,\N,\N,\N,\N,transactions
A0070,1774055426000,13.85,3664.11,\N,\N,\N,\N,\N,transactions
A0070,1774337106000,17.94,3620.79,\N,\N,\N,\N,\N,transactions
A0071,1767247798000,156.24,4878.12,\N,\N,\N,\N,\N,transactions
A0071,1769255640000,88.86,5566.98,\N,\N,\N,\N,\N,transactions
A0071,1769844229000,69.85,4980.76,\N,\N,\N,\N,\N,transactions
A0071,1771121722000,70.32,4249.57,\N,\N,\N,\N,\N,transactions
A0071,1773739860000,31.62,4190.74,\N,\N,\N,\N,\N,transactions
A0072,1767297429000,58.16,4684.86,\N,\N,\N,\N,\N,transactions
A0072,1769348629000,49.91,4922.21,\N,\N,\N,\N,\N,transactions
A0072,1771163551000,37.81,5472.14,\N,\N,\N,\N,\N,transactions
A0072,1771924784000,369.07,5482.12,\N,\N,\N,\N,\N,transactions
A0072,1773567679000,120.0,5427.32,\N,\N,\N,\N,\N,transactions
A0072,1773661069000,13.3,4925.75,\N,\N,\N,\N,\N,transactions
A0073,1767262150000,54.66,7233.38,\N,\N,\N,\N,\N,transactions
A0073,1769474997000,8.38,7512.22,\N,\N,\N,\N,\N,transactions
A0073,1769474997000,8.38,7512.22,\N,\N,\N,\N,\N,transactions
A0073,1769927315000,18.66,7149.84,\N,\N,\N,\N,\N,transactions
A0073,1771458902000,16.48,7406.57,\N,\N,\N,\N,\N,transactions
A0073,1771495825000,59.49,7900.1,\N,\N,\N,\N,\N,transactions
A0073,1772180652000,119.18,8082.95,\N,\N,\N,\N,\N,transactions
A0073,1773143020000,20.94,7486.37,\N,\N,\N,\N,\N,transactions
A0073,1773416777000,78.14,6764.69,\N,\N,\N,\N,\N,transactions
A0074,1767272877000,8.76,5818.33,\N,\N,\N,\N,\N,transactions
A0074,1767544906000,74.35,6578.24,\N,\N,\N,\N,\N,transactions
A0074,1770271494000,9.39,6112.33,\N,\N,\N,\N,\N,transactions
A0074,1772009120000,75.84,6118.03,\N,\N,\N,\N,\N,transactions
A0074,1773319077000,151.22,5655.9,\N,\N,\N,\N,\N,transactions
A0075,1767235447000,96.13,9456.4,\N,\N,\N,\N,\N,transactions
A0075,1770215180000,12.37,9346.62,\N,\N,\N,\N,\N,transactions
A0075,1771017948000,116.72,8322.84,\N,\N,\N,\N,\N,transactions
A0075,1772094437000,90.26,7794.25,\N,\N,\N,\N,\N,transactions
A0075,1772208682000,5.54,7495.08,\N,\N,\N,\N,\N,transactions
A0075,1774618018000,46.73,7303.88,\N,\N,\N,\N,\N,transactions
A0076,1767291008000,32.89,4341.84,\N,\N,\N,\N,\N,transactions
A0076,1769248799000,29.58,4255.95,\N,\N,\N,\N,\N,transactions
A0076,1770063691000,113.24,4353.83,\N,\N,\N,\N,\N,transactions
A0076,1771237365000,15.93,4371.36,\N,\N,\N,\N,\N,transactions
A0076,1771344919000,19.7,3638.25,\N,\N,\N,\N,\N,transactions
A0076,1772033983000,30.93,3856.31,\N,\N,\N,\N,\N,transactions
A0076,1773790078000,101.67,4099.86,\N,\N,\N,\N,\N,transactions
A0076,1774466088000,87.3,4393.55,\N,\N,\N,\N,\N,transactions
A0077,1767232771000,28.26,3927.58,\N,\N,\N,\N,\N,transactions
A0077,1770381644000,9.95,3809.23,\N,\N,\N,\N,\N,transactions
A0077,1770951458000,22.68,4037.95,\N,\N,\N,\N,\N,transactions
A0077,1773437034000,87.79,4211.42,\N,\N,\N,\N,\N,transactions
A0077,1774696951000,24.61,4265.0,\N,\N,\N,\N,\N,transactions
A0078,1767253004000,80.32,6214.42,\N,\N,\N,\N,\N,transactions
A0078,1770962419000,55.05,6631.89,\N,\N,\N,\N,\N,transactions
A0078,1771536125000,56.56,5931.94,\N,\N,\N,\N,\N,transactions
A0078,1773381831000,183.04,5587.94,\N,\N,\N,\N,\N,transactions
A0078,1774897049000,63.76,5853.24,\N,\N,\N,\N,\N,transactions
A0079,1767239791000,12.48,7796.83,\N,\N,\N,\N,\N,transactions
A0079,1767543202000,20.02,7762.47,\N,\N,\N,\N,\N,transactions
A0079,1768446808000,105.81,7734.35,\N,\N,\N,\N,\N,transactions
A0079,1772471919000,51.08,8486.83,\N,\N,\N,\N,\N,transactions
A0079,1773095201000,23.84,8127.09,\N,\N,\N,\N,\N,transactions
A0079,1773222316000,15.67,8744.9,\N,\N,\N,\N,\N,transactions
A0079,1774698254000,32.95,8790.24,\N,\N,\N,\N,\N,transactions
A0080,1767254478000,10.36,6311.64,\N,\N,\N,\N,\N,transactions
A0080,1767254478000,10.36,6311.64,\N,\N,\N,\N,\N,transactions
A0080,1768513537000,20.04,5736.56,\N,\N,\N,\N,\N,transactions
A0080,1768940450000,147.04,6838.08,\N,\N,\N,\N,\N,transactions
A0080,1773615198000,34.38,6946.12,\N,\N,\N,\N,\N,transactions
A0080,1773983421000,12.88,6743.21,\N,\N,\N,\N,\N,transactions
A0081,1767244122000,58.09,2124.85,\N,\N,\N,\N,\N,transactions
A0081,1767407267000,97.93,1386.72,\N,\N,\N,\N,\N,transactions
A0081,1768629413000,17.93,1827.56,\N,\N,\N,\N,\N,transactions
A0081,1768629413000,17.93,1827.56,\N,\N,\N,\N,\N,transactions
A0081,1769145748000,114.66,2054.56,\N,\N,\N,\N,\N,transactions
A0081,1769540906000,140.46,1927.73,\N,\N,\N,\N,\N,transactions
A0081,1771870122000,97.78,2024.67,\N,\N,\N,\N,\N,transactions
A0081,1773122491000,94.93,2471.49,\N,\N,\N,\N,\N,transactions
A0081,1774037420000,73.29,2640.89,\N,\N,\N,\N,\N,transactions
A0081,1774284672000,9.39,1907.22,\N,\N,\N,\N,\N,transactions
A0082,1767231820000,14.25,3715.56,\N,\N,\N,\N,\N,transactions
A0082,1768955225000,9.3,3198.07,\N,\N,\N,\N,\N,transactions
A0082,1770291229000,17.79,2957.15,\N,\N,\N,\N,\N,transactions
A0082,1770836068000,35.87,2583.33,\N,\N,\N,\N,\N,transactions
A0082,1772060757000,49.71,2433.79,\N,\N,\N,\N,\N,transactions
A0082,1772117372000,8.51,2337.48,\N,\N,\N,\N,\N,transactions
A0082,1773372773000,35.11,2579.64,\N,\N,\N,\N,\N,transactions
A0082,1773372773000,35.11,2579.64,\N,\N,\N,\N,\N,transactions
A0082,1774814170000,44.1,2465.12,\N,\N,\N,\N,\N,transactions
A0083,1767244857000,83.8,8689.86,\N,\N,\N,\N,\N,transactions
A0083,1768391352000,5.27,8666.27,\N,\N,\N,\N,\N,transactions
A0083,1769217401000,6.59,8326.49,\N,\N,\N,\N,\N,transactions
A0083,1769758088000,28.36,9070.94,\N,\N,\N,\N,\N,transactions
A0083,1770922892000,6.88,8980.68,\N,\N,\N,\N,\N,transactions
A0083,1774667421000,22.83,9502.83,\N,\N,\N,\N,\N,transactions
A0083,1774936690000,140.63,9459.35,\N,\N,\N,\N,\N,transactions
A0084,1767247776000,32.34,3658.22,\N,\N,\N,\N,\N,transactions
A0084,1771365846000,50.36,4053.73,\N,\N,\N,\N,\N,transactions
A0084,1772231870000,7.05,4192.66,\N,\N,\N,\N,\N,transactions
A0084,1774804954000,40.37,3525.68,\N,\N,\N,\N,\N,transactions
A0085,1767291060000,8.54,4027.8,\N,\N,\N,\N,\N,transactions
A0085,1770487293000,55.9,3684.05,\N,\N,\N,\N,\N,transactions
A0085,1770955541000,110.93,3770.08,\N,\N,\N,\N,\N,transactions
A0085,1773924114000,29.37,3848.12,\N,\N,\N,\N,\N,transactions
A0085,1774640459000,19.99,3489.4,\N,\N,\N,\N,\N,transactions
A0086,1767237010000,28.15,8308.47,\N,\N,\N,\N,\N,transactions
A0086,1769369003000,43.01,8485.31,\N,\N,\N,\N,\N,transactions
A0086,1772064107000,38.69,8077.1,\N,\N,\N,\N,\N,transactions
A0086,1774541463000,15.02,7496.98,\N,\N,\N,\N,\N,transactions
A0087,1767283474000,72.31,7179.63,\N,\N,\N,\N,\N,transactions
A0087,1768691820000,89.87,7197.02,\N,\N,\N,\N,\N,transactions
A0087,1769201846000,44.33,6657.02,\N,\N,\N,\N,\N,transactions
A0087,1770374504000,51.76,6593.71,\N,\N,\N,\N,\N,transactions
A0087,1771202540000,20.8,5850.06,\N,\N,\N,\N,\N,transactions
A0087,1773355334000,21.93,6324.07,\N,\N,\N,\N,\N,transactions
A0088,1767253869000,18.58,5111.19,\N,\N,\N,\N,\N,transactions
A0088,1767458641000,56.82,5459.99,\N,\N,\N,\N,\N,transactions
A0088,1771700040000,4.86,5841.08,\N,\N,\N,\N,\N,transactions
A0088,1772644629000,11.27,5718.44,\N,\N,\N,\N,\N,transactions
A0089,1767297320000,22.02,-227.75,\N,\N,\N,\N,\N,transactions
A0089,1768003778000,53.45,-850.31,\N,\N,\N,\N,\N,transactions
A0089,1768837039000,116.0,-765.45,\N,\N,\N,\N,\N,transactions
A0089,1769013342000,25.75,-521.8,\N,\N,\N,\N,\N,transactions
A0089,1770547175000,31.29,-878.52,\N,\N,\N,\N,\N,transactions
A0089,1772229977000,41.31,-1454.94,\N,\N,\N,\N,\N,transactions
A0089,1772986449000,64.28,-1413.51,\N,\N,\N,\N,\N,transactions
A0090,1767895179000,18.23,6158.82,\N,\N,\N,\N,\N,transactions
A0090,1767895179000,18.23,6158.82,\N,\N,\N,\N,\N,transactions
A0090,1770479218000,62.1,5860.9,\N,\N,\N,\N,\N,transactions
A0090,1771899482000,14.65,5649.68,\N,\N,\N,\N,\N,transactions
A0090,1771937763000,10.22,6082.85,\N,\N,\N,\N,\N,transactions
A0090,1773691413000,32.61,5899.68,\N,\N,\N,\N,\N,transactions
A0090,1774247065000,119.24,5452.48,\N,\N,\N,\N,\N,transactions
A0090,1774247065000,119.24,5452.48,\N,\N,\N,\N,\N,transactions
A0091,1767292258000,6.18,4532.13,\N,\N,\N,\N,\N,transactions
A0091,1767613049000,12.83,4739.43,\N,\N,\N,\N,\N,transactions
A0091,1767753614000,199.03,4407.89,\N,\N,\N,\N,\N,transactions
A0091,1772886882000,119.44,4052.27,\N,\N,\N,\N,\N,transactions
A0091,1774579488000,138.24,3696.63,\N,\N,\N,\N,\N,transactions
A0091,1774996772000,24.62,3204.83,\N,\N,\N,\N,\N,transactions
A0092,1767282287000,18.0,4299.01,\N,\N,\N,\N,\N,transactions
A0092,1767806585000,63.68,3712.53,\N,\N,\N,\N,\N,transactions
A0092,1770919879000,166.95,3764.41,\N,\N,\N,\N,\N,transactions
A0092,1771917672000,71.39,3847.13,\N,\N,\N,\N,\N,transactions
A0092,1772077149000,32.27,4110.16,\N,\N,\N,\N,\N,transactions
A0092,1773239935000,33.31,3774.71,\N,\N,\N,\N,\N,transactions
A0092,1773810877000,55.78,3636.63,\N,\N,\N,\N,\N,transactions
A0092,1774861441000,78.87,2948.22,\N,\N,\N,\N,\N,transactions
A0093,1767291355000,31.12,2507.98,\N,\N,\N,\N,\N,transactions
A0093,1769878877000,102.16,2126.34,\N,\N,\N,\N,\N,transactions
A0093,1771201949000,6.59,2353.56,\N,\N,\N,\N,\N,transactions
A0093,1771235895000,43.53,2979.01,\N,\N,\N,\N,\N,transactions
A0093,1771883795000,62.59,3406.98,\N,\N,\N,\N,\N,transactions
A0093,1772139530000,7.54,3063.7,\N,\N,\N,\N,\N,transactions
A0093,1773879724000,19.34,2762.3,\N,\N,\N,\N,\N,transactions
A0093,1773879724000,19.34,2762.3,\N,\N,\N,\N,\N,transactions
A0093,1774089167000,14.94,2512.48,\N,\N,\N,\N,\N,transactions
A0094,1767249706000,21.29,4721.47,\N,\N,\N,\N,\N,transactions
A0094,1768421178000,165.99,4233.62,\N,\N,\N,\N,\N,transactions
A0094,1772333159000,2.3,5616.9,\N,\N,\N,\N,\N,transactions
A0094,1773911882000,11.49,5285.62,\N,\N,\N,\N,\N,transactions
A0094,1774794310000,13.04,5833.98,\N,\N,\N,\N,\N,transactions
A0095,1767250065000,40.74,7309.66,\N,\N,\N,\N,\N,transactions
A0095,1767645829000,94.19,7765.51,\N,\N,\N,\N,\N,transactions
A0095,1769537842000,30.91,7600.25,\N,\N,\N,\N,\N,transactions
A0095,1770844202000,88.01,7741.74,\N,\N,\N,\N,\N,transactions
A0095,1772752004000,81.7,7249.11,\N,\N,\N,\N,\N,transactions
A0096,1767285664000,60.45,3298.26,\N,\N,\N,\N,\N,transactions
A0096,1768775031000,25.4,2656.67,\N,\N,\N,\N,\N,transactions
A0096,1769052694000,21.01,3094.05,\N,\N,\N,\N,\N,transactions
A0096,1770399779000,23.24,3081.3,\N,\N,\N,\N,\N,transactions
A0096,1771590547000,76.53,3024.79,\N,\N,\N,\N,\N,transactions
A0096,1772346522000,9.97,2729.41,\N,\N,\N,\N,\N,transactions
A0096,1772346522000,9.97,2729.41,\N,\N,\N,\N,\N,transactions
A0096,1774687621000,35.52,2868.03,\N,\N,\N,\N,\N,transactions
A0097,1767252079000,104.69,5464.67,\N,\N,\N,\N,\N,transactions
A0097,1767816342000,5.45,5250.96,\N,\N,\N,\N,\N,transactions
A0097,1770482107000,27.42,4544.99,\N,\N,\N,\N,\N,transactions
A0097,1771384297000,74.31,4783.51,\N,\N,\N,\N,\N,transactions
A0097,1771384297000,74.31,4783.51,\N,\N,\N,\N,\N,transactions
A0097,1773544469000,34.76,4126.52,\N,\N,\N,\N,\N,transactions
A0097,1774349104000,7.65,3705.34,\N,\N,\N,\N,\N,transactions
A0098,1767288421000,67.16,3338.89,\N,\N,\N,\N,\N,transactions
A0098,1767540208000,126.27,3385.24,\N,\N,\N,\N,\N,transactions
A0098,1769811105000,487.91,3540.28,\N,\N,\N,\N,\N,transactions
A0098,1769811105000,487.91,3540.28,\N,\N,\N,\N,\N,transactions
A0098,1770573551000,15.02,3889.41,\N,\N,\N,\N,\N,transactions
A0098,1770686119000,325.99,4128.38,\N,\N,\N,\N,\N,transactions
A0098,1773209945000,36.43,4180.0,\N,\N,\N,\N,\N,transactions
A0098,1773209945000,36.43,4180.0,\N,\N,\N,\N,\N,transactions
A0099,1767270837000,77.06,8596.24,\N,\N,\N,\N,\N,transactions
A0099,1768549287000,36.73,8492.56,\N,\N,\N,\N,\N,transactions
A0099,1768549287000,36.73,8492.56,\N,\N,\N,\N,\N,transactions
A0099,1768641413000,18.84,8897.73,\N,\N,\N,\N,\N,transactions
A0099,1771236452000,20.73,8373.73,\N,\N,\N,\N,\N,transactions
A0099,1771421801000,65.17,8271.75,\N,\N,\N,\N,\N,transactions
A0099,1772638338000,68.09,8531.56,\N,\N,\N,\N,\N,transactions
A0099,1774112777000,139.57,8709.39,\N,\N,\N,\N,\N,transactions
