request_id,account_id,request_lat,request_lon,requested_at
Q00000,A0032,-32.619393,-75.590783,2026-04-01T00:17:00Z
Q00001,A0049,-60.711184,-16.720495,2026-04-01T00:40:00Z
Q00002,A0021,-25.756512,129.983859,2026-04-01T02:21:00Z
Q00003,A0020,48.321701,116.279282,2026-04-01T02:37:00Z
Q00004,A0012,-38.264066,116.749956,2026-04-01T06:14:00Z
Q00005,A0042,21.530931,-103.044954,2026-04-01T07:11:00Z
Q00006,A0014,-39.290917,-151.87576,2026-04-01T07:34:00Z
Q00007,A0050,-49.160345,-137.194788,2026-04-01T08:10:00Z
Q00008,A0031,-37.971165,-34.952629,2026-04-01T09:50:00Z
Q00009,A0023,-14.21667,-104.220094,2026-04-01T11:45:00Z
Q00010,A0017,18.856253,-69.755936,2026-04-01T12:02:00Z
Q00011,A0005,24.46892,-96.399437,2026-04-01T13:07:00Z
Q00012,A0054,-22.063997,91.34093,2026-04-01T13:30:00Z
Q00013,A0009,21.158925,-9.388652,2026-04-01T14:03:00Z
Q00014,A0052,17.495366,-42.643,2026-04-01T14:04:00Z
Q00015,A0030,43.78568,56.866894,2026-04-01T14:31:00Z
Q00016,A0018,8.360713,114.133539,2026-04-01T14:48:00Z
Q00017,A0029,13.694204,-147.471042,2026-04-01T15:40:00Z
Q00018,A0055,37.769233,166.347523,2026-04-01T15:41:00Z
Q00019,A0012,-39.916017,118.9225,2026-04-01T16:12:00Z
Q00020,A0045,23.78628,-59.546592,2026-04-01T16:24:00Z
Q00021,A0030,42.587272,54.908417,2026-04-01T17:11:00Z
Q00022,A0025,41.885557,161.88211,2026-04-01T17:55:00Z
Q00023,A0006,18.260158,50.004071,2026-04-01T19:11:00Z
Q00024,A0029,9.78437,-148.214367,2026-04-01T20:30:00Z
Q00025,A0003,38.49571,-158.350044,2026-04-01T23:18:00Z
Q00026,A0042,21.49595,-103.253755,2026-04-01T23:29:00Z
Q00027,A0036,-7.444538,-30.865684,2026-04-02T00:01:00Z
Q00028,A0002,1.517735,-96.207082,2026-04-02T00:22:00Z
Q00029,A0002,1.314535,-94.580899,2026-04-02T00:29:00Z
Q00030,A0038,-37.058074,0.267267,2026-04-02T00:57:00Z
Q00031,A0033,-29.57835,-45.75689,2026-04-02T01:07:00Z
Q00032,A0056,9.056376,-91.535979,2026-04-02T02:11:00Z
Q00033,A0037,-12.641226,-57.38032,2026-04-02T05:46:00Z
Q00034,A0038,-37.602442,4.240825,2026-04-02T06:09:00Z
Q00035,A0007,-41.87071,141.753231,2026-04-02T07:06:00Z
Q00036,A0048,-21.510919,-143.894973,2026-04-02T07:20:00Z
Q00037,A0015,59.097968,9.012348,2026-04-02T07:36:00Z
Q00038,A0051,-10.345406,-45.78194,2026-04-02T07:40:00Z
Q00039,A0048,-20.611614,-145.785575,2026-04-02T09:13:00Z
Q00040,A0050,-52.071689,-136.543648,2026-04-02T09:55:00Z
Q00041,A0039,-53.08425,-168.171273,2026-04-02T11:53:00Z
Q00042,A0035,22.813277,-84.44431,2026-04-02T13:32:00Z
Q00043,A0029,13.030529,-147.164478,2026-04-02T14:48:00Z
Q00044,A0052,18.042018,-45.49418,2026-04-02T15:53:00Z
Q00045,A0026,28.478941,-95.570369,2026-04-02T15:55:00Z
Q00046,A0012,-36.035072,117.287915,2026-04-02T16:51:00Z
Q00047,A0040,-31.736443,142.538221,2026-04-02T17:22:00Z
Q00048,A0049,-57.960612,-19.12387,2026-04-02T19:10:00Z
Q00049,A0008,-14.89236,1.70889,2026-04-02T21:07:00Z
Q00050,A0044,0.992769,152.561758,2026-04-02T22:00:00Z
Q00051,A0047,33.100905,142.557799,2026-04-02T23:03:00Z
Q00052,A0006,18.249184,51.935393,2026-04-02T23:27:00Z
Q00053,A0030,39.346227,54.415565,2026-04-02T23:44:00Z
Q00054,A0043,-25.874826,123.153491,2026-04-03T00:59:00Z
Q00055,A0038,-33.565475,2.126977,2026-04-03T02:34:00Z
Q00056,A0054,-21.808435,92.234701,2026-04-03T03:01:00Z
Q00057,A0045,23.8444,-55.895092,2026-04-03T03:05:00Z
Q00058,A0015,56.576315,10.860184,2026-04-03T03:27:00Z
Q00059,A0042,22.753938,-107.782313,2026-04-03T05:04:00Z
Q00060,A0038,-34.72997,1.499775,2026-04-03T05:22:00Z
Q00061,A0047,31.213799,139.851713,2026-04-03T06:38:00Z
Q00062,A0053,-40.736705,90.798766,2026-04-03T07:37:00Z
Q00063,A0009,16.996435,-11.759847,2026-04-03T07:54:00Z
Q00064,A0057,40.170647,164.78937,2026-04-03T10:40:00Z
Q00065,A0023,-14.216342,-103.889886,2026-04-03T12:49:00Z
Q00066,A0029,11.089391,-146.741582,2026-04-03T14:43:00Z
Q00067,A0055,35.460288,166.096782,2026-04-03T15:29:00Z
Q00068,A0037,-13.465211,-58.642276,2026-04-03T16:11:00Z
Q00069,A0039,-51.700944,-168.335264,2026-04-03T16:22:00Z
Q00070,A0047,33.769212,142.28552,2026-04-03T16:39:00Z
Q00071,A0024,-0.06611,99.380868,2026-04-03T17:14:00Z
Q00072,A0024,-2.987029,101.038402,2026-04-03T17:15:00Z
Q00073,A0055,39.195397,168.498361,2026-04-03T19:46:00Z
Q00074,A0020,47.135086,116.43161,2026-04-03T20:56:00Z
Q00075,A0023,-12.058118,-107.020525,2026-04-03T21:03:00Z
Q00076,A0034,-12.855891,144.719161,2026-04-03T21:36:00Z
Q00077,A0057,43.198903,165.14776,2026-04-03T21:46:00Z
Q00078,A0049,-56.357185,-17.757712,2026-04-03T21:55:00Z
Q00079,A0052,16.168513,-44.052173,2026-04-03T21:56:00Z
Q00080,A0058,37.812738,-155.709559,2026-04-03T22:50:00Z
Q00081,A0054,-20.552159,90.234582,2026-04-03T22:51:00Z
Q00082,A0001,-51.789662,-79.357898,2026-04-03T22:54:00Z
Q00083,A0020,47.780826,117.434843,2026-04-03T23:25:00Z
Q00084,A0035,22.526036,-86.408086,2026-04-04T02:00:00Z
Q00085,A0003,38.554873,-161.830485,2026-04-04T03:53:00Z
Q00086,A0019,-24.815899,80.21649,2026-04-04T04:50:00Z
Q00087,A0011,-26.427069,55.890532,2026-04-04T06:35:00Z
Q00088,A0055,36.799103,165.720192,2026-04-04T06:53:00Z
Q00089,A0044,2.004163,152.690646,2026-04-04T09:05:00Z
Q00090,A0016,-4.921684,125.494429,2026-04-04T09:41:00Z
Q00091,A0049,-56.743736,-18.925743,2026-04-04T11:57:00Z
Q00092,A0039,-53.122619,-166.880638,2026-04-04T12:18:00Z
Q00093,A0030,41.185098,55.919269,2026-04-04T12:38:00Z
Q00094,A0054,-20.679243,95.440254,2026-04-04T12:43:00Z
Q00095,A0006,19.09475,50.302291,2026-04-04T12:51:00Z
Q00096,A0053,-40.332005,92.083735,2026-04-04T13:01:00Z
Q00097,A0046,45.281872,84.214055,2026-04-04T13:52:00Z
Q00098,A0019,-25.987132,81.069999,2026-04-04T14:12:00Z
Q00099,A0035,20.055179,-86.323324,2026-04-04T14:51:00Z
Q00100,A0029,11.35864,-148.690733,2026-04-04T17:32:00Z
Q00101,A0053,-40.303456,91.30635,2026-04-04T18:07:00Z
Q00102,A0004,52.885452,-52.503193,2026-04-04T18:35:00Z
Q00103,A0010,-57.27403,-24.955157,2026-04-04T19:14:00Z
Q00104,A0012,-38.827912,118.511941,2026-04-04T19:23:00Z
Q00105,A0020,47.469366,116.416328,2026-04-04T20:02:00Z
Q00106,A0044,5.129,152.544069,2026-04-04T20:03:00Z
Q00107,A0028,49.700867,91.1105,2026-04-04T21:05:00Z
Q00108,A0009,19.253611,-8.467559,2026-04-04T22:57:00Z
Q00109,A0016,-1.148667,125.876077,2026-04-04T22:59:00Z
Q00110,A0025,41.514183,162.203457,2026-04-05T02:40:00Z
Q00111,A0055,36.195512,166.917549,2026-04-05T03:53:00Z
Q00112,A0034,-14.412655,145.460232,2026-04-05T05:13:00Z
Q00113,A0056,8.99276,-92.665868,2026-04-05T05:33:00Z
Q00114,A0011,-27.520243,60.83168,2026-04-05T05:47:00Z
Q00115,A0049,-60.552794,-20.257042,2026-04-05T06:25:00Z
Q00116,A0027,47.105765,-36.51223,2026-04-05T08:18:00Z
Q00117,A0005,22.929234,-97.813674,2026-04-05T08:36:00Z
Q00118,A0053,-38.329156,94.538914,2026-04-05T10:19:00Z
Q00119,A0032,-30.333466,-75.042465,2026-04-05T11:57:00Z
Q00120,A0029,12.105511,-145.858703,2026-04-05T12:00:00Z
Q00121,A0052,17.800551,-48.086783,2026-04-05T13:15:00Z
Q00122,A0022,17.56347,-7.49099,2026-04-05T14:10:00Z
Q00123,A0014,-40.007432,-151.314088,2026-04-05T14:45:00Z
Q00124,A0008,-15.624557,2.861212,2026-04-05T15:47:00Z
Q00125,A0009,17.848563,-8.631851,2026-04-05T16:05:00Z
Q00126,A0000,-2.158652,121.80828,2026-04-05T16:06:00Z
Q00127,A0027,44.933294,-38.575661,2026-04-05T16:37:00Z
Q00128,A0025,42.849781,163.497445,2026-04-05T16:46:00Z
Q00129,A0038,-34.323495,0.942095,2026-04-05T17:06:00Z
Q00130,A0029,9.232341,-148.445435,2026-04-05T18:29:00Z
Q00131,A0026,28.199442,-91.498895,2026-04-05T18:53:00Z
Q00132,A0016,-4.224116,126.404366,2026-04-05T19:16:00Z
Q00133,A0000,-3.123954,123.226357,2026-04-05T21:41:00Z
Q00134,A0040,-34.06098,140.114568,2026-04-05T22:14:00Z
Q00135,A0036,-7.884134,-30.522897,2026-04-05T22:28:00Z
Q00136,A0005,20.916821,-98.563043,2026-04-05T23:35:00Z
Q00137,A0027,48.267178,-38.505414,2026-04-06T00:11:00Z
Q00138,A0039,-53.655834,-165.992945,2026-04-06T00:14:00Z
Q00139,A0055,33.396095,169.560437,2026-04-06T02:43:00Z
Q00140,A0021,-25.822479,128.3205,2026-04-06T04:17:00Z
Q00141,A0037,-13.067911,-61.209069,2026-04-06T04:54:00Z
Q00142,A0025,40.10784,162.397847,2026-04-06T05:06:00Z
Q00143,A0057,39.630588,167.536552,2026-04-06T05:25:00Z
Q00144,A0055,38.078319,166.661331,2026-04-06T06:06:00Z
Q00145,A0049,-57.491818,-19.164095,2026-04-06T06:50:00Z
Q00146,A0057,38.927103,165.143595,2026-04-06T10:51:00Z
Q00147,A0033,-33.793472,-44.522362,2026-04-06T13:02:00Z
Q00148,A0010,-57.050864,-25.748798,2026-04-06T13:08:00Z
Q00149,A0016,-4.363378,124.712829,2026-04-06T14:52:00Z
Q00150,A0028,49.045334,87.954895,2026-04-06T16:39:00Z
Q00151,A0017,18.407042,-64.20431,2026-04-06T17:44:00Z
Q00152,A0034,-12.731354,146.784949,2026-04-06T20:10:00Z
Q00153,A0005,22.864798,-96.371827,2026-04-06T20:31:00Z
Q00154,A0053,-41.572261,93.167346,2026-04-06T20:35:00Z
Q00155,A0030,37.3923,49.617348,2026-04-06T21:42:00Z
Q00156,A0041,51.069186,2.507193,2026-04-06T22:29:00Z
Q00157,A0020,50.687911,117.827541,2026-04-06T22:49:00Z
Q00158,A0048,-22.732254,-146.280988,2026-04-06T23:45:00Z
Q00159,A0035,21.218448,-87.089898,2026-04-07T00:56:00Z
Q00160,A0021,-25.598007,128.335411,2026-04-07T01:14:00Z
Q00161,A0033,-31.217298,-48.816187,2026-04-07T02:57:00Z
Q00162,A0015,58.714905,8.204289,2026-04-07T03:11:00Z
Q00163,A0038,-34.324293,1.520833,2026-04-07T06:30:00Z
Q00164,A0051,-10.622596,-41.704217,2026-04-07T06:34:00Z
Q00165,A0007,-45.214275,138.394495,2026-04-07T06:51:00Z
Q00166,A0039,-50.777268,-169.209281,2026-04-07T07:39:00Z
Q00167,A0009,20.036598,-9.393368,2026-04-07T07:54:00Z
Q00168,A0037,-15.683513,-60.216763,2026-04-07T09:31:00Z
Q00169,A0039,-50.390286,-169.635254,2026-04-07T12:17:00Z
Q00170,A0024,-3.46065,101.101014,2026-04-07T13:06:00Z
Q00171,A0020,48.322692,118.055416,2026-04-07T13:42:00Z
Q00172,A0048,-18.217044,-145.653791,2026-04-07T13:42:00Z
Q00173,A0058,36.663144,-154.440779,2026-04-07T14:33:00Z
Q00174,A0051,-13.103955,-43.30505,2026-04-07T14:36:00Z
Q00175,A0057,37.50501,167.514357,2026-04-07T15:47:00Z
Q00176,A0019,-25.662692,82.53259,2026-04-07T16:23:00Z
Q00177,A0017,21.019394,-64.247403,2026-04-07T16:55:00Z
Q00178,A0058,37.906946,-157.236006,2026-04-07T17:00:00Z
Q00179,A0049,-59.919602,-17.488328,2026-04-07T17:24:00Z
Q00180,A0018,9.442377,113.730134,2026-04-07T17:36:00Z
Q00181,A0001,-54.614836,-80.659587,2026-04-07T18:24:00Z
Q00182,A0028,51.228976,86.429285,2026-04-07T18:43:00Z
Q00183,A0002,3.820498,-96.473229,2026-04-07T19:42:00Z
Q00184,A0028,54.101532,88.369302,2026-04-07T20:13:00Z
Q00185,A0025,41.962665,160.368645,2026-04-07T20:16:00Z
Q00186,A0035,20.737928,-83.846727,2026-04-07T20:16:00Z
Q00187,A0046,43.570129,87.772321,2026-04-07T21:14:00Z
Q00188,A0027,45.035505,-35.776382,2026-04-07T21:18:00Z
Q00189,A0025,40.634915,162.020374,2026-04-07T22:09:00Z
Q00190,A0011,-28.925385,58.31514,2026-04-07T22:11:00Z
Q00191,A0045,21.495339,-58.651322,2026-04-07T22:23:00Z
Q00192,A0034,-14.035037,148.144133,2026-04-07T23:25:00Z
Q00193,A0001,-56.567373,-80.272645,2026-04-07T23:50:00Z
Q00194,A0023,-12.474567,-105.319061,2026-04-08T01:37:00Z
Q00195,A0056,8.218329,-92.78381,2026-04-08T03:33:00Z
Q00196,A0012,-40.290624,117.54718,2026-04-08T04:26:00Z
Q00197,A0000,-6.387061,122.495627,2026-04-08T05:08:00Z
Q00198,A0041,49.887655,0.343471,2026-04-08T05:36:00Z
Q00199,A0013,-55.792119,-64.492713,2026-04-08T05:43:00Z
Q00200,A0035,22.941364,-86.768056,2026-04-08T06:01:00Z
Q00201,A0029,10.947108,-147.638514,2026-04-08T08:06:00Z
Q00202,A0041,51.885848,1.139374,2026-04-08T08:09:00Z
Q00203,A0057,40.574192,165.90844,2026-04-08T10:42:00Z
Q00204,A0026,25.727859,-94.479248,2026-04-08T11:29:00Z
Q00205,A0020,49.956681,114.895439,2026-04-08T12:07:00Z
Q00206,A0026,29.665869,-93.27253,2026-04-08T13:55:00Z
Q00207,A0038,-38.625664,3.685973,2026-04-08T14:21:00Z
Q00208,A0056,9.24572,-91.629881,2026-04-08T14:28:00Z
Q00209,A0054,-20.731738,91.881289,2026-04-08T15:37:00Z
Q00210,A0040,-34.838357,142.936943,2026-04-08T16:54:00Z
Q00211,A0053,-41.620302,93.097455,2026-04-08T16:58:00Z
Q00212,A0045,17.91883,-54.871633,2026-04-08T17:01:00Z
Q00213,A0040,-34.296102,142.181354,2026-04-08T17:22:00Z
Q00214,A0043,-24.560279,125.206426,2026-04-08T18:32:00Z
Q00215,A0056,12.159261,-92.275657,2026-04-08T21:25:00Z
Q00216,A0006,18.143364,52.127673,2026-04-08T21:56:00Z
Q00217,A0016,-6.445734,127.871212,2026-04-08T22:56:00Z
Q00218,A0003,37.335216,-162.578464,2026-04-08T23:14:00Z
Q00219,A0022,13.09114,-4.208073,2026-04-09T00:19:00Z
Q00220,A0010,-55.994323,-26.32984,2026-04-09T04:49:00Z
Q00221,A0013,-56.945597,-65.994865,2026-04-09T05:15:00Z
Q00222,A0034,-14.22799,146.043092,2026-04-09T09:17:00Z
Q00223,A0050,-49.45142,-137.845947,2026-04-09T09:32:00Z
Q00224,A0036,-7.008835,-25.076415,2026-04-09T10:28:00Z
Q00225,A0042,22.401022,-104.308709,2026-04-09T11:07:00Z
Q00226,A0031,-38.854492,-30.447748,2026-04-09T11:43:00Z
Q00227,A0011,-26.937299,57.25094,2026-04-09T12:25:00Z
Q00228,A0025,42.733875,161.087917,2026-04-09T12:28:00Z
Q00229,A0048,-19.469118,-142.850803,2026-04-09T12:48:00Z
Q00230,A0021,-26.998394,127.240776,2026-04-09T15:37:00Z
Q00231,A0042,20.118374,-105.407623,2026-04-09T15:48:00Z
Q00232,A0044,1.176636,154.35391,2026-04-09T16:00:00Z
Q00233,A0003,36.383218,-162.054386,2026-04-09T16:31:00Z
Q00234,A0032,-34.328018,-78.1188,2026-04-09T17:17:00Z
Q00235,A0005,26.106135,-97.344741,2026-04-09T17:45:00Z
Q00236,A0057,40.834523,163.676141,2026-04-09T19:31:00Z
Q00237,A0053,-42.021205,94.72357,2026-04-09T19:52:00Z
Q00238,A0000,-5.752844,124.722467,2026-04-09T20:49:00Z
Q00239,A0057,40.187086,167.196885,2026-04-09T21:22:00Z
Q00240,A0031,-38.856608,-34.755534,2026-04-09T21:28:00Z
Q00241,A0015,60.248923,9.713438,2026-04-09T23:26:00Z
Q00242,A0000,-5.834145,124.063359,2026-04-10T02:05:00Z
Q00243,A0032,-29.892004,-77.025106,2026-04-10T02:08:00Z
Q00244,A0052,14.460455,-42.325363,2026-04-10T02:19:00Z
Q00245,A0040,-32.764845,140.324707,2026-04-10T02:46:00Z
Q00246,A0045,20.333871,-59.14178,2026-04-10T03:32:00Z
Q00247,A0041,51.92279,-0.501722,2026-04-10T04:51:00Z
Q00248,A0049,-58.888807,-17.491976,2026-04-10T05:07:00Z
Q00249,A0031,-39.567626,-30.71772,2026-04-10T05:24:00Z
Q00250,A0013,-58.586779,-66.943298,2026-04-10T05:25:00Z
Q00251,A0056,8.583681,-90.284487,2026-04-10T05:43:00Z
Q00252,A0008,-15.713402,7.594178,2026-04-10T06:20:00Z
Q00253,A0015,57.448784,7.347987,2026-04-10T08:17:00Z
Q00254,A0011,-27.126962,59.140472,2026-04-10T09:04:00Z
Q00255,A0056,11.619186,-91.725417,2026-04-10T09:39:00Z
Q00256,A0051,-10.855018,-42.011823,2026-04-10T10:42:00Z
Q00257,A0012,-40.694492,120.841413,2026-04-10T11:23:00Z
Q00258,A0029,11.14236,-148.534188,2026-04-10T11:32:00Z
Q00259,A0029,8.196185,-143.680278,2026-04-10T11:46:00Z
Q00260,A0053,-43.367481,90.585471,2026-04-10T12:00:00Z
Q00261,A0029,11.76028,-146.825631,2026-04-10T12:20:00Z
Q00262,A0024,-4.430512,99.374371,2026-04-10T13:00:00Z
Q00263,A0055,36.174201,164.875012,2026-04-10T14:18:00Z
Q00264,A0013,-60.587794,-66.204862,2026-04-10T14:20:00Z
Q00265,A0033,-30.147808,-48.458365,2026-04-10T14:48:00Z
Q00266,A0058,38.272747,-155.859081,2026-04-10T17:31:00Z
Q00267,A0032,-27.949263,-78.610126,2026-04-10T17:34:00Z
Q00268,A0025,43.80832,161.310103,2026-04-10T18:19:00Z
Q00269,A0036,-9.715482,-28.795871,2026-04-10T18:29:00Z
Q00270,A0036,-11.032827,-32.715796,2026-04-10T18:54:00Z
Q00271,A0026,27.423739,-91.020204,2026-04-10T22:27:00Z
Q00272,A0013,-57.492942,-64.130381,2026-04-11T02:03:00Z
Q00273,A0007,-42.138285,140.592917,2026-04-11T02:32:00Z
Q00274,A0027,46.488805,-38.947815,2026-04-11T03:05:00Z
Q00275,A0057,40.301838,168.13544,2026-04-11T03:32:00Z
Q00276,A0023,-12.678968,-105.986845,2026-04-11T03:48:00Z
Q00277,A0051,-11.227414,-42.688296,2026-04-11T04:28:00Z
Q00278,A0042,22.421609,-104.475568,2026-04-11T05:58:00Z
Q00279,A0043,-26.560986,126.016918,2026-04-11T06:58:00Z
Q00280,A0012,-41.401707,119.162605,2026-04-11T11:33:00Z
Q00281,A0003,35.793573,-163.847171,2026-04-11T15:00:00Z
Q00282,A0054,-18.673824,91.27403,2026-04-11T15:36:00Z
Q00283,A0021,-26.2705,125.953968,2026-04-11T17:23:00Z
Q00284,A0008,-14.635659,4.435993,2026-04-11T19:29:00Z
Q00285,A0050,-49.253407,-138.035782,2026-04-11T19:52:00Z
Q00286,A0046,46.256108,84.18569,2026-04-11T20:19:00Z
Q00287,A0036,-8.776969,-28.226672,2026-04-11T21:33:00Z
Q00288,A0016,-4.196452,124.975568,2026-04-11T21:51:00Z
Q00289,A0059,-47.856835,-104.46576,2026-04-11T21:58:00Z
Q00290,A0038,-35.625177,0.970723,2026-04-11T22:46:00Z
Q00291,A0013,-60.842269,-66.179359,2026-04-11T23:48:00Z
Q00292,A0031,-39.793839,-32.597808,2026-04-12T00:19:00Z
Q00293,A0049,-59.200115,-17.988654,2026-04-12T01:17:00Z
Q00294,A0024,-4.112971,98.357687,2026-04-12T01:49:00Z
Q00295,A0017,19.715034,-66.500407,2026-04-12T01:53:00Z
Q00296,A0018,8.682521,113.223052,2026-04-12T03:59:00Z
Q00297,A0026,26.96379,-92.641192,2026-04-12T06:34:00Z
Q00298,A0028,52.513242,88.57096,2026-04-12T08:26:00Z
Q00299,A0055,35.84486,166.514715,2026-04-12T09:38:00Z
Q00300,A0030,40.307176,52.642428,2026-04-12T10:35:00Z
Q00301,A0056,12.328545,-90.790868,2026-04-12T10:50:00Z
Q00302,A0019,-21.836412,80.816264,2026-04-12T11:30:00Z
Q00303,A0054,-21.933272,91.776156,2026-04-12T11:31:00Z
Q00304,A0043,-25.48231,124.677518,2026-04-12T11:33:00Z
Q00305,A0009,18.564095,-6.424295,2026-04-12T11:57:00Z
Q00306,A0044,4.471016,154.823731,2026-04-12T12:57:00Z
Q00307,A0040,-33.009235,138.992304,2026-04-12T13:33:00Z
Q00308,A0043,-26.036856,123.614544,2026-04-12T14:28:00Z
Q00309,A0039,-51.858768,-170.19861,2026-04-12T15:06:00Z
Q00310,A0029,9.459497,-148.123612,2026-04-12T15:07:00Z
Q00311,A0047,35.918204,141.996103,2026-04-12T15:33:00Z
Q00312,A0020,49.475891,115.657228,2026-04-12T16:39:00Z
Q00313,A0013,-60.408311,-62.275733,2026-04-12T17:22:00Z
Q00314,A0051,-12.51705,-44.878064,2026-04-12T17:58:00Z
Q00315,A0056,9.587735,-90.338286,2026-04-12T18:23:00Z
Q00316,A0033,-30.703756,-47.696635,2026-04-12T19:54:00Z
Q00317,A0036,-8.867179,-28.234841,2026-04-12T20:31:00Z
Q00318,A0057,41.13619,167.166653,2026-04-12T20:39:00Z
Q00319,A0044,2.254051,153.52962,2026-04-12T21:00:00Z
Q00320,A0011,-25.948242,58.933567,2026-04-12T21:25:00Z
Q00321,A0004,57.913105,-55.361901,2026-04-12T21:36:00Z
Q00322,A0022,16.514659,-2.176347,2026-04-12T22:50:00Z
Q00323,A0008,-15.14571,5.435877,2026-04-13T00:26:00Z
Q00324,A0034,-14.620772,146.522658,2026-04-13T00:42:00Z
Q00325,A0008,-12.719557,3.174355,2026-04-13T01:23:00Z
Q00326,A0049,-54.616421,-20.269742,2026-04-13T01:54:00Z
Q00327,A0039,-54.355613,-168.41898,2026-04-13T02:11:00Z
Q00328,A0044,2.960544,152.873356,2026-04-13T02:24:00Z
Q00329,A0054,-21.889112,90.785103,2026-04-13T04:15:00Z
Q00330,A0020,47.440267,116.213117,2026-04-13T04:18:00Z
Q00331,A0002,2.738812,-98.064101,2026-04-13T04:30:00Z
Q00332,A0002,1.770437,-96.319103,2026-04-13T04:38:00Z
Q00333,A0026,27.849244,-96.692029,2026-04-13T05:18:00Z
Q00334,A0008,-15.55197,6.024823,2026-04-13T05:37:00Z
Q00335,A0029,11.224993,-144.329444,2026-04-13T05:55:00Z
Q00336,A0055,35.140089,167.06183,2026-04-13T06:50:00Z
Q00337,A0041,50.49226,1.650396,2026-04-13T07:27:00Z
Q00338,A0056,10.866845,-95.274777,2026-04-13T07:42:00Z
Q00339,A0004,54.39892,-52.048966,2026-04-13T07:53:00Z
Q00340,A0021,-24.954222,131.278976,2026-04-13T08:13:00Z
Q00341,A0022,18.373193,-4.364699,2026-04-13T09:11:00Z
Q00342,A0042,20.199299,-103.396923,2026-04-13T10:52:00Z
Q00343,A0008,-14.264673,4.373444,2026-04-13T11:26:00Z
Q00344,A0001,-53.875926,-78.446428,2026-04-13T12:47:00Z
Q00345,A0026,26.747752,-93.116402,2026-04-13T14:18:00Z
Q00346,A0009,19.600722,-7.5251,2026-04-13T15:33:00Z
Q00347,A0011,-29.789897,57.539593,2026-04-13T15:56:00Z
Q00348,A0014,-38.433736,-152.492831,2026-04-13T16:08:00Z
Q00349,A0025,40.791628,161.50469,2026-04-13T16:37:00Z
Q00350,A0013,-59.470819,-65.901322,2026-04-13T17:10:00Z
Q00351,A0039,-50.970375,-169.472932,2026-04-13T17:14:00Z
Q00352,A0009,19.920635,-9.177588,2026-04-13T18:00:00Z
Q00353,A0024,-2.622393,100.061387,2026-04-13T19:13:00Z
Q00354,A0004,54.867603,-57.172188,2026-04-13T19:59:00Z
Q00355,A0022,17.086958,-1.098682,2026-04-13T20:23:00Z
Q00356,A0012,-36.745099,117.719973,2026-04-13T21:40:00Z
Q00357,A0059,-50.497454,-107.185322,2026-04-13T22:13:00Z
Q00358,A0002,0.575488,-96.322089,2026-04-13T22:32:00Z
Q00359,A0035,23.189633,-87.912213,2026-04-13T23:30:00Z
Q00360,A0014,-37.183416,-152.362886,2026-04-13T23:45:00Z
Q00361,A0044,4.564449,151.700036,2026-04-14T00:33:00Z
Q00362,A0047,33.098714,142.234418,2026-04-14T00:54:00Z
Q00363,A0012,-37.085981,117.855293,2026-04-14T01:20:00Z
Q00364,A0019,-24.40934,81.283517,2026-04-14T01:36:00Z
Q00365,A0044,-1.760298,154.569501,2026-04-14T02:07:00Z
Q00366,A0016,-3.051661,125.736711,2026-04-14T02:37:00Z
Q00367,A0039,-53.972169,-168.191686,2026-04-14T03:04:00Z
Q00368,A0037,-13.94205,-62.006953,2026-04-14T04:04:00Z
Q00369,A0012,-37.986774,118.150913,2026-04-14T04:06:00Z
Q00370,A0005,23.78017,-98.647138,2026-04-14T04:34:00Z
Q00371,A0040,-32.587908,142.855272,2026-04-14T04:45:00Z
Q00372,A0014,-39.191276,-150.68539,2026-04-14T05:03:00Z
Q00373,A0036,-7.103586,-30.725393,2026-04-14T05:12:00Z
Q00374,A0031,-39.592566,-31.213981,2026-04-14T05:41:00Z
Q00375,A0014,-38.534128,-148.46259,2026-04-14T06:12:00Z
Q00376,A0004,56.55355,-55.988824,2026-04-14T08:58:00Z
Q00377,A0000,-0.751773,121.601566,2026-04-14T09:20:00Z
Q00378,A0052,17.373147,-46.529852,2026-04-14T09:57:00Z
Q00379,A0020,47.495269,115.678302,2026-04-14T10:18:00Z
Q00380,A0040,-32.256538,139.811017,2026-04-14T10:24:00Z
Q00381,A0039,-55.075705,-168.665311,2026-04-14T11:25:00Z
Q00382,A0000,-5.448351,120.958126,2026-04-14T11:37:00Z
Q00383,A0012,-39.072281,120.323441,2026-04-14T11:44:00Z
Q00384,A0011,-27.912216,60.123348,2026-04-14T13:41:00Z
Q00385,A0042,21.416177,-103.922697,2026-04-14T16:27:00Z
Q00386,A0054,-18.833583,93.69574,2026-04-14T17:02:00Z
Q00387,A0058,37.969508,-155.859488,2026-04-14T17:18:00Z
Q00388,A0050,-49.17731,-137.497282,2026-04-14T17:52:00Z
Q00389,A0052,18.357706,-42.21032,2026-04-14T18:21:00Z
Q00390,A0037,-13.540535,-58.650065,2026-04-14T18:42:00Z
Q00391,A0032,-31.750415,-76.395239,2026-04-14T19:27:00Z
Q00392,A0010,-57.645166,-24.835006,2026-04-14T19:32:00Z
Q00393,A0027,43.398019,-35.744055,2026-04-14T19:42:00Z
Q00394,A0043,-24.144781,121.19623,2026-04-14T21:47:00Z
Q00395,A0049,-59.370716,-19.161699,2026-04-14T23:12:00Z
Q00396,A0051,-11.580536,-42.677085,2026-04-14T23:29:00Z
Q00397,A0058,36.596842,-155.295,2026-04-14T23:41:00Z
Q00398,A0004,56.197283,-52.56627,2026-04-14T23:53:00Z
Q00399,A0001,-52.724231,-80.588038,2026-04-14T23:55:00Z
