row_id,f1,f2,f3,f4,f5,f6,label
R00000,-0.141713,0.513818,0.145163,-0.808181,1.354404,-1.487943,0
R00001,-1.375926,-0.817007,2.59292,0.533986,1.141119,0.690194,1
R00002,-0.142476,1.434807,-0.178649,-1.109136,-0.010453,-0.5582,0
R00003,0.456232,-0.084694,2.587872,0.609569,0.20139,-0.636217,1
R00004,-0.221062,0.632943,2.462439,0.569667,-0.572256,0.924784,1
R00005,0.317203,-0.207243,0.09667,-0.376771,-0.768818,-0.350437,0
R00006,0.016113,1.758364,0.012919,0.767906,-0.315584,1.168377,0
R00007,0.154176,1.242043,0.021467,0.714622,0.234501,0.231689,0
R00008,1.029172,1.016824,2.533006,0.628085,0.25185,0.689515,1
R00009,0.170547,-0.399592,2.675355,0.720006,0.011005,0.69369,1
R00010,2.565003,0.287319,0.254523,0.879501,-1.094666,-0.035201,0
R00011,1.708116,0.34011,0.007937,0.291799,-0.963555,0.719468,0
R00012,0.816253,0.949084,0.262826,-0.187071,1.124508,0.194628,0
R00013,0.019689,-0.303499,0.105519,0.267157,-0.648571,1.262809,0
R00014,0.450853,0.435198,0.06426,0.492375,0.170857,0.486831,0
R00015,-0.480554,-0.523619,2.35335,-0.031073,2.07302,-0.238765,1
R00016,-0.636355,-0.297502,0.135496,1.049695,0.442837,0.446241,0
R00017,-0.274878,-0.378693,0.309932,0.765913,0.682056,-0.595906,0
R00018,-2.352507,2.048251,2.393946,1.273377,0.988391,-1.536556,1
R00019,-0.336246,-0.234002,-0.016885,0.521635,-1.15543,1.307653,0
R00020,-0.581072,0.682978,0.144403,0.63501,-0.555176,-0.186534,0
R00021,0.833504,-1.679304,0.162785,0.308811,0.428774,0.129215,0
R00022,0.772806,0.394289,-0.142235,-0.164497,-0.269319,-0.515867,0
R00023,-1.28229,0.767084,2.619068,0.61407,1.225377,0.33748,1
R00024,0.444103,1.993057,-0.254467,-0.939635,-0.568422,-1.31894,0
R00025,-0.902671,0.045682,0.077499,-0.518016,-0.243056,-1.512659,0
R00026,-0.903332,0.375597,-0.002273,0.275314,-1.430527,0.231497,0
R00027,0.41437,1.194721,-0.045237,0.505716,0.434227,0.947175,0
R00028,0.267363,-0.30777,-0.051865,1.118371,1.351714,-1.707258,0
R00029,-1.12684,-0.6115,0.054829,-0.118539,-0.755431,-1.049745,0
R00030,-0.897235,0.670261,2.63783,0.563424,1.942893,0.035761,1
R00031,-0.358665,0.363188,0.119779,-0.310084,0.155822,0.409234,0
R00032,-1.107419,1.492874,2.309639,-0.693864,0.179539,-0.755015,1
R00033,0.408506,0.521032,-0.038585,0.55113,-0.205032,-0.789068,0
R00034,-1.610205,0.525371,-0.033477,-1.380206,-0.590291,-0.387661,0
R00035,0.447514,-1.072377,-0.062978,0.837877,1.070504,0.77325,0
R00036,-0.829044,0.083994,0.03103,-2.167985,-0.894375,0.59816,0
R00037,-0.427024,2.381056,3.04381,-0.226306,0.717902,-0.065674,1
R00038,-0.435943,-0.412761,0.006845,0.069905,-0.409089,2.511034,0
R00039,-0.714246,-0.465857,2.559356,1.675372,-0.774926,0.48183,1
R00040,-0.704804,-0.73018,0.105984,1.076797,-0.001131,-0.088135,0
R00041,0.69056,-0.858021,-0.112384,0.450995,-1.737372,-1.060501,0
R00042,0.154996,1.489026,-0.166816,-0.318527,0.749404,0.560955,0
R00043,0.194344,0.00939,0.02805,0.558877,0.164397,0.914437,0
R00044,-0.913077,-0.39941,-0.23609,0.676955,-0.82868,-1.535651,0
R00045,-0.646464,-0.544357,2.599138,0.833817,-0.138088,1.502523,1
R00046,-1.145423,0.006552,2.423936,-0.982899,-1.176276,0.299292,1
R00047,-0.752721,-0.315777,0.019323,-2.590141,0.933537,-1.140774,0
R00048,0.377109,-1.060182,-0.030404,-0.24198,-0.576659,-1.694899,0
R00049,0.419035,1.115215,0.198635,2.039561,-0.051555,0.51039,0
R00050,-0.809916,0.6455,-0.076709,-0.893636,-0.990109,-0.221641,0
R00051,-0.685064,-1.598695,-0.007557,-0.560005,2.342474,0.019247,0
R00052,1.229592,0.479405,-0.115966,1.053123,-0.70584,-0.809707,0
R00053,0.292941,0.194383,-0.057212,1.815888,0.600926,0.541223,0
R00054,-0.553622,1.99293,0.031595,-0.803501,0.366849,0.07269,0
R00055,1.173439,0.775209,2.643117,0.810756,-0.712942,-1.384152,1
R00056,-1.682364,0.070455,0.133671,0.201625,0.812176,0.283681,0
R00057,-0.953251,-0.918032,-0.170351,3.047956,0.751242,1.139394,0
R00058,-0.369813,0.099523,2.589498,-0.272738,-2.366586,0.534983,1
R00059,1.408672,-0.54197,0.045024,-0.750627,-0.989662,1.855553,0
R00060,-0.08159,-0.007784,2.573314,-0.648931,-1.301515,-1.592743,1
R00061,-0.62074,-0.238388,0.051169,-1.386248,0.32725,-0.549417,0
R00062,-0.79465,-0.146686,0.016146,0.714896,-1.393372,-0.243237,0
R00063,0.464323,-0.439797,0.028349,-1.33243,1.123713,-0.938324,0
R00064,1.088218,-0.644669,0.015672,0.274111,0.527178,0.007763,0
R00065,0.300117,1.030138,0.182455,-0.058604,-1.370578,-0.14028,0
R00066,0.870952,-1.021385,0.014058,1.200951,0.019772,0.702508,0
R00067,0.49123,0.633201,0.063192,-0.249558,0.631858,0.476065,0
R00068,-0.472905,0.631974,-0.448477,0.56537,-1.648555,1.870686,0
R00069,-0.363478,-0.59817,2.462924,1.186638,2.113958,0.456085,1
R00070,-0.712748,-1.223222,2.367184,-0.685366,0.149721,-0.313551,1
R00071,0.328047,-0.001148,-0.039926,-0.693234,0.300374,0.351589,0
R00072,0.161255,-0.065795,0.090719,-1.892634,0.955575,-0.136202,0
R00073,0.447691,0.163924,-0.221305,0.37122,0.169709,0.847677,0
R00074,0.078942,-1.139791,0.009349,-0.125923,1.574572,1.475937,0
R00075,0.432753,-0.443578,-0.299489,0.715876,1.258154,-1.463674,0
R00076,-0.156531,0.679969,0.18618,0.614066,-0.716274,0.069307,0
R00077,-0.696193,0.280976,2.382155,0.898941,0.687465,-0.376191,1
R00078,1.191256,-0.47785,0.100837,0.486302,-1.539213,-0.005236,0
R00079,-0.514001,0.199267,-0.129811,-0.012323,0.600141,-0.803232,0
R00080,1.214697,2.106464,-0.138608,0.84672,0.970224,0.866694,0
R00081,-1.369807,0.537026,0.082723,-0.47466,1.039603,-1.816958,0
R00082,-1.32106,0.726547,2.460726,-0.256915,0.488724,-0.221633,1
R00083,1.312935,-0.863776,2.639553,1.177653,-0.471236,0.46257,1
R00084,-1.41673,-0.624442,0.256801,1.69972,-0.268528,-2.223333,0
R00085,0.704002,-0.32417,0.199148,0.55989,-0.324281,0.522696,0
R00086,1.60437,-0.174176,-0.034208,0.912439,-0.607577,1.41254,0
R00087,-0.039245,1.129323,0.042928,-0.708816,-0.248583,-0.416436,0
R00088,0.93191,0.295056,-0.087765,0.287386,-2.289057,0.640458,0
R00089,0.701821,-0.145525,2.536939,0.249931,-0.876016,-0.256781,1
R00090,0.950157,0.892524,2.530643,-0.176764,0.242624,0.098203,1
R00091,1.378114,0.425725,-0.07048,-1.355113,-1.333847,0.261882,0
R00092,-0.588451,-0.699737,-0.210738,-0.138868,0.727036,-1.503477,0
R00093,-0.890673,-0.230262,-0.071267,0.134884,-1.774124,0.719733,0
R00094,0.455668,1.364764,2.14887,-0.350048,-0.558538,-0.729085,1
R00095,1.11165,-0.067924,-0.192825,0.808125,-1.091207,1.659848,0
R00096,0.60418,-1.208812,0.005554,-0.675671,0.299539,-1.206515,0
R00097,0.61096,1.03166,-0.033449,-0.111506,0.196689,2.427842,0
R00098,0.884059,0.787289,2.802762,0.973661,-0.922437,2.349957,1
R00099,1.12603,0.270919,2.719181,0.356262,0.615509,0.812733,1
R00100,1.783185,0.118385,2.377592,0.367383,-0.613681,-0.848262,1
R00101,0.710707,-0.479441,0.170106,0.710313,-1.081165,0.40985,0
R00102,2.061481,1.847205,2.529369,0.566212,-0.203157,-0.787744,1
R00103,-0.367647,-0.465545,0.311114,1.393466,0.336087,1.43002,0
R00104,-1.751354,-0.658701,2.642191,1.816111,-0.227478,-1.631997,1
R00105,-0.037971,-1.721991,-0.150899,0.411913,1.744721,-0.64485,0
R00106,-0.092343,1.492653,2.359993,0.712844,-0.156599,0.447386,1
R00107,0.698609,-2.437161,2.499909,0.51255,1.183957,-0.392889,1
R00108,0.151363,-0.085147,2.63502,-0.665859,0.002759,-0.568165,1
R00109,-0.453184,0.439832,-0.214857,-0.674944,-0.449245,-1.628559,0
R00110,-0.479384,0.742643,-0.24713,-0.195027,0.756819,-1.566342,0
R00111,1.210026,0.494634,-0.219988,-0.220607,-0.716742,-1.495794,0
R00112,1.346944,-1.106465,2.424624,-0.108307,1.327763,1.375154,1
R00113,-0.195064,-0.421668,0.109734,0.254598,1.904542,0.069287,0
R00114,-1.89853,-1.745481,0.108579,-0.280855,-0.251107,-1.674693,0
R00115,-0.001819,-0.560146,-0.115122,-0.164163,0.408641,-0.351412,0
R00116,-0.966989,0.23035,-0.113075,-2.031029,0.901343,-1.097935,0
R00117,-0.019841,-0.220948,-0.181125,-0.524533,1.412239,0.791358,0
R00118,-0.303903,0.771916,-0.160374,0.004335,0.719,1.804057,0
R00119,0.572004,0.179954,0.024199,1.307285,-1.490653,0.210792,0
R00120,0.849362,-0.643581,2.707786,0.947187,-0.243652,-0.985355,1
R00121,-1.866631,0.090622,0.059487,-1.193508,1.044345,0.149321,0
R00122,0.92249,1.388165,0.062647,0.299763,-1.178087,1.737098,0
R00123,-1.093827,1.198939,-0.161735,0.917189,2.662033,-0.154082,0
R00124,0.604022,-0.517067,0.103203,-0.286531,1.212585,1.293527,0
R00125,0.84591,-0.439099,0.342779,0.767754,-0.305805,0.746067,0
R00126,-0.283941,0.879211,2.702657,0.137773,1.685095,1.044487,1
R00127,-1.328884,0.407479,0.240315,0.202621,1.434259,-0.892237,0
R00128,0.578337,1.665177,2.563937,-1.968793,-0.221835,0.472442,1
R00129,0.869162,1.601393,2.522623,-1.023543,-2.933083,0.128265,1
R00130,0.168957,1.552952,-0.002261,-0.34146,0.095343,1.987264,0
R00131,-0.290709,0.625784,2.421121,-0.33344,1.135419,0.877667,1
R00132,1.256094,-1.213107,-0.071286,0.685182,-0.227912,-0.575652,0
R00133,0.212306,0.422241,2.324403,1.63522,-0.667533,-0.479021,1
R00134,0.740814,0.039493,-0.228319,-2.533378,0.994265,0.094094,0
R00135,-0.204277,0.988075,-0.047198,1.522674,0.342215,0.467041,0
R00136,0.294209,0.750412,2.341437,-0.932815,0.925462,0.228662,1
R00137,-1.162797,-0.187997,-0.198442,0.096455,1.628362,0.201873,0
R00138,0.13555,2.130699,-0.016564,0.752566,0.738997,-0.364201,0
R00139,2.149862,-0.922934,2.15535,0.923172,1.488694,0.974823,1
R00140,2.652222,0.886997,-0.120979,0.139869,0.081265,1.092031,0
R00141,0.69105,2.10114,2.557631,-0.48817,1.263874,0.655654,1
R00142,1.657769,-0.808757,0.073447,0.004558,-0.262627,-1.722975,0
R00143,-1.393673,2.274847,0.004257,0.955713,0.890982,-0.840854,0
R00144,-0.915112,0.081686,0.074463,0.765668,-1.2812,-1.219266,0
R00145,0.390651,-0.973568,0.088193,-0.06726,-0.691336,0.633412,0
R00146,0.036469,0.328965,0.203114,-0.637206,-0.790759,-0.357738,0
R00147,-0.032576,-1.261192,0.00738,1.012936,0.052879,1.155954,0
R00148,0.134185,0.771246,-0.064003,-1.742674,-0.176392,0.894391,0
R00149,-1.771534,1.104873,-0.061779,-0.420661,0.202837,-0.814497,0
R00150,-0.443454,0.184478,2.502482,-0.091654,1.125708,0.82755,1
R00151,-1.643812,-0.974062,-0.134481,1.004216,0.637104,0.126296,0
R00152,-0.219245,0.721473,0.236847,0.341751,-0.027384,0.727549,0
R00153,-1.652232,0.652094,-0.037602,-1.994593,0.742569,-0.507752,0
R00154,-0.381952,-1.326941,2.246062,-0.260327,0.563314,-0.804429,1
R00155,0.64317,0.156382,-0.189204,2.126761,0.156262,0.110877,0
R00156,-0.31023,-1.205299,2.367575,0.523859,2.993735,1.214636,1
R00157,-1.513167,0.612706,-0.111979,-0.491441,-1.068369,0.39544,0
R00158,0.766949,2.202475,0.380203,-0.068566,1.426148,-0.855995,0
R00159,0.953813,0.453743,2.72655,-0.584875,0.715762,1.702481,1
R00160,0.76699,-1.530367,-0.002037,-0.06791,-0.737558,-0.627678,0
R00161,0.524045,-0.855542,-0.261878,-0.147653,0.130005,0.977915,0
R00162,0.425394,0.543039,2.540628,0.365612,-0.135255,-0.034447,1
R00163,-0.441836,0.938819,2.418597,1.289833,-0.611942,0.280881,1
R00164,-0.942468,0.280614,0.134459,0.235956,0.337937,-0.097547,0
R00165,-1.413925,-0.419516,-0.078669,-0.574084,-2.084752,-0.991581,0
R00166,1.391675,0.051512,2.586207,-1.07726,0.439893,-0.064406,1
R00167,0.690032,0.315103,-0.139404,-0.566004,1.248855,-1.041734,0
R00168,1.312319,0.492319,2.678248,0.350757,1.313024,-0.62172,1
R00169,-0.824854,-0.969183,2.7184,-0.069625,-1.710622,-0.532114,1
R00170,-1.178296,-0.065175,-0.139317,0.376967,-0.620428,-0.567908,0
R00171,1.273762,-0.856565,-0.16596,-0.007829,-0.090152,-0.039962,0
R00172,-1.271873,-1.216271,-0.012821,-0.904016,1.072983,-0.220374,0
R00173,-2.171174,1.142227,2.688395,-0.672502,0.736615,0.231846,1
R00174,0.400676,1.261466,0.096891,0.297755,1.95726,0.763432,0
R00175,-0.034605,-0.495497,-0.257635,-0.229685,0.883888,-1.757173,0
R00176,-0.914311,0.78455,2.664067,0.025485,-1.976624,1.315121,1
R00177,-0.412424,0.705285,0.046942,1.994934,-1.625343,-0.794549,0
R00178,0.364211,1.357974,-0.062707,-1.135484,0.14533,0.058767,0
R00179,-1.125703,0.562286,-0.026294,0.054534,-1.472107,-1.888502,0
R00180,2.729109,0.638163,-0.250061,-0.677864,-0.201056,-0.594704,0
R00181,0.7646,-0.755697,-0.028305,-1.123725,-0.796951,0.512503,0
R00182,-0.323279,-0.251092,0.117972,-1.148458,0.145702,-0.35402,0
R00183,-0.203969,0.09264,-0.19176,1.645762,0.422633,0.526894,0
R00184,0.44835,-1.790599,-0.146511,0.851901,-1.305575,-0.930386,0
R00185,-0.999021,-1.477656,2.784873,0.538848,-0.88573,-2.580842,1
R00186,-1.933141,-0.185062,-0.109533,-0.804656,2.733719,-0.321845,0
R00187,0.86013,-0.254312,-0.133067,0.12208,0.533451,-0.835731,0
R00188,-1.156349,1.132038,0.111424,0.542142,-0.24345,-0.589033,0
R00189,-0.325309,-0.983323,2.472372,1.076631,-0.610796,-0.191636,1
R00190,-0.357762,-0.004629,2.531184,0.255344,-0.255524,0.35707,1
R00191,-1.351724,-0.431499,0.097,-0.561364,1.319394,-1.414262,0
R00192,-0.048377,1.86917,2.649842,2.49523,1.665914,0.82949,1
R00193,-0.549637,-2.000979,0.019541,0.395435,0.554103,1.231324,0
R00194,-1.305471,-0.524428,0.074331,0.232963,-1.19133,2.421001,0
R00195,-0.943125,1.917556,0.050048,-0.253534,-0.686317,0.932475,0
R00196,0.622881,1.769403,-0.061356,-0.581907,-2.014271,-0.265111,0
R00197,-0.492263,0.005109,-0.178159,-0.174083,0.783207,0.772016,0
R00198,1.739641,-1.317567,0.096965,-2.341383,-1.000937,-0.323787,0
R00199,-0.701878,0.068544,-0.042005,0.91746,0.57112,-1.289926,0
R00200,0.758623,-0.769819,2.603823,1.174413,-2.19764,0.188938,1
R00201,1.129688,-0.192702,0.34395,-0.416022,-0.124881,-1.95162,0
R00202,0.822049,-1.086001,-0.030256,0.139868,-1.427594,2.412394,0
R00203,1.114481,-0.679494,-0.293227,1.504608,1.861806,0.876876,0
R00204,1.422996,-0.64158,0.06905,-0.270589,0.490136,-0.64676,0
R00205,-0.346518,0.283981,0.172148,-0.814076,-0.771622,-0.647824,0
R00206,-1.652716,2.256273,0.367308,-0.640781,-1.524768,-0.543794,0
R00207,0.844831,-1.099106,0.007122,-0.229518,1.555134,1.938332,0
R00208,1.320659,2.159624,2.542921,1.025707,0.68847,1.095586,1
R00209,0.877995,-0.6491,0.048383,-0.769414,-0.106922,0.783957,0
R00210,0.288216,0.647916,0.052319,-0.040118,-0.15603,0.325439,0
R00211,-1.749416,-0.032649,-0.143394,1.587496,-0.549997,-1.02444,0
R00212,-0.637235,0.167125,-0.100165,-0.742176,0.523325,-0.697106,0
R00213,0.69765,0.040405,2.427523,-0.028535,1.341395,-0.329824,1
R00214,-0.355307,-0.431845,2.438753,0.743301,-0.500273,0.04272,1
R00215,0.733716,-0.35128,0.055121,0.941863,-0.950034,0.425195,0
R00216,0.735445,0.70309,2.182736,-0.340576,0.458064,2.112024,1
R00217,-0.264479,-0.381314,2.392737,1.389809,-0.303046,-1.187709,1
R00218,0.792618,-0.452665,2.530819,0.93316,0.388948,1.333851,1
R00219,-0.45867,0.09476,-0.045119,-0.141459,0.683096,-0.306625,0
R00220,-1.075717,2.505257,2.382545,0.828471,1.032577,-0.808349,1
R00221,-1.159393,-0.719524,2.758401,1.739957,0.097372,-0.539808,1
R00222,-0.063361,1.139556,-0.09388,-0.868363,0.321913,-1.624195,0
R00223,-0.414139,-1.016622,0.203589,1.222102,-0.301311,1.720861,0
R00224,0.972172,-0.101463,0.133506,-0.190529,-1.2328,-0.207337,0
R00225,0.935581,-1.52405,-0.063257,1.356835,1.460904,1.592067,0
R00226,-0.303682,0.377802,-0.199432,-0.608411,0.454892,-0.022416,0
R00227,-1.277292,0.490606,2.452234,0.418423,0.804763,0.352384,1
R00228,-0.041203,0.476991,0.027102,-0.357406,-0.447517,-2.039917,0
R00229,0.841289,-0.848963,-0.023642,-0.46117,-1.779343,-0.79773,0
R00230,0.008885,-0.194526,-0.117746,-0.900943,-0.70601,-0.448966,0
R00231,0.349645,-1.164084,2.435977,0.200469,1.518906,-1.042369,1
R00232,-0.794919,0.081982,-0.194605,-1.140127,-0.671042,-0.871589,0
R00233,0.361439,-0.984097,-0.015734,0.737511,0.485619,0.720868,0
R00234,1.22987,-0.046627,-0.30303,1.248463,-0.891964,-0.214209,0
R00235,0.003327,-0.056616,2.597435,-0.462971,-0.445763,-0.161174,1
R00236,-1.805322,1.619259,0.026534,0.432451,0.520268,0.328671,0
R00237,0.724167,-1.698266,2.505526,0.856364,-0.644381,0.764974,1
R00238,-0.209002,-0.7362,-0.100447,-0.270369,2.367856,0.77988,0
R00239,0.111556,1.431125,0.094263,1.848067,0.01135,-0.467337,0
R00240,0.274118,1.08531,-0.150551,-0.591712,0.543233,1.663139,0
R00241,0.47019,0.010613,0.126922,-1.289116,-1.582796,-0.671162,0
R00242,0.441709,1.206216,2.645651,0.542675,2.198809,0.353218,1
R00243,-0.961361,0.052356,2.221863,0.132308,0.786027,-0.694925,1
R00244,0.851993,-0.171488,2.559436,-0.128659,0.037526,-0.199855,1
R00245,-1.236798,0.801009,-0.280811,-0.429411,-1.200369,-0.188234,0
R00246,-0.490755,-0.23819,0.015768,-0.798782,0.13244,0.130951,0
R00247,-0.970278,-0.647778,0.013208,-0.855712,1.011358,-0.693032,0
R00248,0.944959,0.487645,2.592393,-1.180262,-0.767378,0.38526,1
R00249,0.517453,0.31865,0.081388,-0.832729,1.889285,0.424132,0
R00250,-0.384496,-1.865115,-0.219202,1.140211,2.175546,-0.4204,0
R00251,0.768313,0.019603,0.058147,-0.463497,-0.877937,0.584624,0
R00252,-0.134242,1.19556,0.14239,-2.403309,1.186984,-0.159282,0
R00253,1.837102,0.021876,-0.080537,0.191687,-2.082139,-1.30103,0
R00254,-0.258842,-0.351117,0.383453,-0.216185,0.182779,-0.172661,0
R00255,0.477172,0.552547,0.10458,0.064821,-1.621718,-0.726381,0
R00256,-0.657163,-0.787658,2.592192,-0.10246,0.862285,1.04408,1
R00257,-1.747736,0.344281,2.383121,-0.885073,0.706854,0.136283,1
R00258,0.575345,1.251727,2.437637,0.055217,-0.406692,-0.889519,1
R00259,1.338119,2.001236,2.574164,-0.417145,1.569239,-1.55677,1
R00260,0.221634,-1.049697,-0.033961,0.768832,-1.037812,0.083992,0
R00261,-0.287386,-0.239054,0.374291,-1.15747,0.785712,1.291008,0
R00262,0.677051,2.452209,-0.300954,-0.651257,-1.255305,1.103117,0
R00263,0.457362,-1.006415,0.130234,0.131063,-1.62395,0.688419,0
R00264,-2.356049,-1.484217,0.041359,1.188895,-0.355704,-0.534809,0
R00265,-0.252251,0.434632,-0.122252,-0.571961,-1.060192,0.92984,0
R00266,-0.451262,-0.417766,2.481669,-0.436778,2.452938,1.462189,1
R00267,-1.09147,-0.893006,-0.076242,-0.583441,1.227292,-1.550492,0
R00268,-0.252204,-0.671694,-0.266825,-0.386259,-0.783113,0.130949,0
R00269,0.187421,-0.186985,2.577014,-1.54831,-0.000649,-0.836315,1
R00270,-1.58296,0.329373,-0.068062,1.747706,0.98286,-0.967681,0
R00271,-0.589221,1.126193,-0.219554,-0.748287,0.636532,-0.783485,0
R00272,-1.083664,-0.801348,2.602446,0.716595,1.843194,2.525261,1
R00273,0.648743,-0.189989,2.517926,-0.08976,0.796575,0.182321,1
R00274,1.933344,0.211642,0.241366,-0.462034,-0.156929,0.235701,0
R00275,-0.65614,-0.007797,0.171094,-0.484384,-0.864483,0.733191,0
R00276,-0.505209,2.203372,2.416286,-1.026463,1.886248,0.288311,1
R00277,1.173281,0.7987,2.665862,0.175323,-0.159344,0.797384,1
R00278,-0.456622,0.494121,0.009303,-0.972059,0.784484,0.864538,0
R00279,-0.466904,-2.589281,-0.077333,-1.027808,2.260767,-2.025449,0
R00280,0.471653,1.630395,2.318396,-1.28464,0.378117,1.901783,1
R00281,-0.92145,0.430517,0.211964,-0.453491,-0.532326,-0.246385,0
R00282,0.232321,0.276828,2.447444,-1.309726,-0.464822,-0.884891,1
R00283,0.149715,-0.553809,2.138161,-1.081572,0.085225,-0.905197,1
R00284,-0.401783,0.177161,-0.013006,-0.777423,-1.148567,-0.765253,0
R00285,0.284879,0.195323,-0.048338,0.993208,0.010519,2.081808,0
R00286,0.207617,-1.602298,0.009697,-1.677892,0.649785,-1.768395,0
R00287,0.05888,-1.183776,-0.02023,1.81298,-0.330346,0.604336,0
R00288,0.330498,2.84606,2.381992,1.410579,-0.214927,1.414926,1
R00289,0.144554,0.491911,-0.163451,-1.47081,-0.487196,0.275361,0
R00290,-1.45666,-0.488085,2.706084,0.286755,-1.55166,0.483799,1
R00291,-0.082193,2.182849,2.177491,-1.012348,-0.492567,0.946088,1
R00292,0.14195,-0.12637,0.267047,1.558903,1.495831,0.019933,0
R00293,1.433702,-1.614476,0.178975,0.530697,0.678117,0.387214,0
R00294,-0.787292,1.944424,-0.117811,-0.024384,0.392518,1.464762,0
R00295,-1.007179,0.350199,-0.143516,-1.134164,-0.693305,-0.424705,0
R00296,0.067931,-2.336515,-0.034915,0.43232,-0.408081,-0.677624,0
R00297,-0.381466,-0.858135,-0.086442,0.623717,0.410017,-0.714768,0
R00298,1.80697,-0.316655,-0.158145,-1.573819,0.421122,1.502381,0
R00299,0.223115,2.275647,0.058681,1.228911,-1.05483,-1.793292,0
R00300,0.75527,-0.629959,0.13363,0.840921,-0.395492,-2.241529,0
R00301,-0.44764,0.766858,2.4912,-1.012033,-1.39921,0.273618,1
R00302,-1.232997,0.896478,-0.038559,0.638498,0.735908,0.252846,0
R00303,-0.7469,-0.854404,2.61553,-0.564687,-0.186355,0.895877,1
R00304,-1.906783,-0.806221,0.272106,2.010962,0.067195,2.404215,0
R00305,1.545994,0.146763,2.315719,-0.200876,1.30313,1.78899,1
R00306,-0.332298,0.500858,-0.013875,2.176225,0.449669,-0.244001,0
R00307,-0.80086,1.374233,2.520251,0.045278,0.078555,-0.88839,1
R00308,-0.987343,-0.204086,2.457218,0.303771,1.800664,0.450961,1
R00309,-0.421233,-0.340471,0.091513,-0.52474,-0.352459,1.449808,0
R00310,1.476195,2.259893,-0.296818,-0.764635,-0.173144,0.303783,0
R00311,1.025551,-2.63927,0.092034,-0.644913,-2.529336,-2.414374,0
R00312,-0.39129,-0.00025,0.089289,0.124592,0.531396,-1.008295,0
R00313,-0.861757,-0.153834,0.116354,-1.199078,1.357397,-0.674866,0
R00314,-1.659376,0.105446,-0.265258,-0.789828,-0.505385,-0.081979,0
R00315,0.900459,-0.701044,0.037273,0.095926,-1.066106,-1.429851,0
R00316,0.263597,-1.212533,0.112363,1.449938,1.008953,-0.551571,0
R00317,1.41032,-1.416261,-0.293092,2.538729,-0.697972,3.093959,0
R00318,1.371599,1.211023,2.369817,1.235987,-0.45016,2.690427,1
R00319,0.395542,0.229128,2.422086,-0.17265,1.905181,-0.215161,1
R00320,-0.446838,-0.148573,-0.192008,1.095932,-0.23345,-0.078212,0
R00321,-1.160652,-2.446935,-0.053552,0.722559,0.347348,0.013346,0
R00322,-1.582178,1.475481,0.167916,-0.716192,0.665479,-2.758306,0
R00323,-0.737252,1.654371,2.344795,-1.186935,1.846903,-0.899085,1
R00324,1.256207,-0.665508,2.501139,1.087266,-0.359776,-0.878626,1
R00325,1.292391,0.475132,0.153344,-0.317528,-0.603019,-0.882287,0
R00326,0.500934,-0.156173,-0.058062,0.083919,-0.594119,-0.922902,0
R00327,-0.841188,1.348247,0.050228,1.074182,-0.592372,0.275327,0
R00328,1.924948,-0.612894,0.203423,0.627224,1.503595,-0.56152,0
R00329,-0.672088,0.190194,-0.185071,-1.973079,0.141436,-0.998977,0
R00330,0.433527,-1.554703,2.401957,-0.235595,0.358673,-0.581716,1
R00331,1.293434,-0.819738,-0.137731,1.830206,0.521054,-0.239829,0
R00332,-0.505178,-1.570891,-0.034185,-0.673059,-0.72946,0.033401,0
R00333,-0.431137,1.985195,0.003701,-0.38101,1.716933,-0.164808,0
R00334,0.303231,-0.179897,2.760044,0.271903,0.692347,0.617198,1
R00335,0.40683,0.069956,-0.183787,0.33156,-0.327219,-0.896182,0
R00336,0.204461,0.079114,2.661076,1.066931,0.207644,-0.722249,1
R00337,-0.915795,-0.819602,2.594431,-0.11877,-0.704436,1.984725,1
R00338,1.507618,1.3103,2.796821,0.034158,1.475956,2.129885,1
R00339,-0.233179,0.355908,0.019873,-0.949912,-0.687009,0.322545,0
R00340,0.406608,2.080795,2.455456,0.138912,0.168659,-0.831177,1
R00341,0.633509,-1.10232,0.007064,-2.421825,-0.885133,1.038854,0
R00342,-0.080624,-0.512906,0.043538,-1.886178,0.448257,-0.815929,0
R00343,-1.394182,0.419271,2.115621,0.311374,0.993883,-0.469805,1
R00344,1.523126,0.482061,-0.024718,-1.11817,-1.6202,0.666716,0
R00345,0.593382,-0.281095,-0.19034,1.557583,-0.625265,1.023918,0
R00346,0.053565,-1.098466,0.063646,-0.041088,0.390318,-0.53125,0
R00347,-0.362487,-0.707817,-0.035057,-0.806091,1.514589,2.261077,0
R00348,0.694295,-0.917351,2.549265,-1.364083,1.838145,-1.143264,1
R00349,-2.409076,0.569593,-0.135468,-0.019814,0.376224,0.035699,0
R00350,0.810771,-0.178017,-0.012112,0.336915,1.4149,1.445122,0
R00351,-1.360344,-0.382511,-0.117361,-0.814731,1.963265,0.225152,0
R00352,0.895625,0.388768,2.48369,0.849511,0.580943,0.271698,1
R00353,-0.415184,0.084685,0.094274,0.652409,-1.749399,1.42306,0
R00354,0.184087,1.587489,0.357188,-0.198004,0.696623,-0.643334,0
R00355,0.172372,0.140284,0.065485,-1.283956,-2.267475,0.69347,0
R00356,-0.159847,0.420817,0.081937,-0.472291,-0.443353,0.006082,0
R00357,-0.345775,-0.139275,-0.066121,-1.171938,-0.22599,1.004337,0
R00358,0.309167,-0.738382,2.520398,1.054759,1.429225,0.509741,1
R00359,0.157959,-0.012806,0.407646,-1.084374,-1.219805,0.905358,0
R00360,-0.300634,-0.063181,2.512361,0.918798,-1.043702,0.94712,1
R00361,1.46748,-0.159909,-0.079208,0.331005,0.317157,-0.88443,0
R00362,0.307292,-0.096158,-0.288729,1.108779,0.397305,-0.230714,0
R00363,0.368197,-0.198396,2.425732,-1.341786,-1.020539,0.19637,1
R00364,0.246679,0.303284,-0.004021,0.676434,0.431316,1.684435,0
R00365,0.526506,-0.98079,-0.285185,0.649819,-0.254153,-0.280823,0
R00366,0.007722,-2.194493,-0.248241,-1.80538,0.053242,-0.826478,0
R00367,-0.307038,0.689355,-0.084694,-0.876024,-0.346438,-0.032507,0
R00368,-0.59229,-0.595822,2.572111,1.098794,0.131186,1.041914,1
R00369,-2.197072,-0.393889,2.511164,-2.342085,-0.088939,-0.122523,1
R00370,-0.081743,0.199845,0.079892,0.740213,0.786809,-0.092623,0
R00371,0.494927,0.29949,0.016807,-2.16806,0.603311,-0.876602,0
R00372,-0.066185,-1.577134,-0.154882,0.857586,-1.843245,-0.849566,0
R00373,-1.635518,-0.593622,2.673105,0.472642,0.760087,0.531854,1
R00374,0.384734,1.02199,0.049802,0.565108,1.448473,-0.266764,0
R00375,-0.784214,0.746569,0.071584,-0.207258,0.546164,0.254388,0
R00376,-1.386781,0.312381,2.32607,-0.16721,0.331594,-0.161161,1
R00377,0.103435,-0.573133,0.102312,-1.395758,0.695098,1.18992,0
R00378,0.111868,-0.281965,0.123675,1.989585,-1.00186,-0.932696,0
R00379,-0.189927,-0.478347,2.403251,-0.733098,-0.060086,0.597114,1
R00380,-0.041151,-0.667124,2.337345,-0.367559,0.057218,1.726398,1
R00381,-0.277409,0.529274,-0.028404,0.348959,-1.193795,0.468243,0
R00382,0.059761,-1.252575,2.282041,0.839081,0.82751,-0.91435,1
R00383,-1.391272,1.671909,2.673759,-0.462375,1.82951,0.546598,1
R00384,0.666388,-0.206573,2.700057,2.623167,-0.454037,-2.357074,1
R00385,-1.270125,1.236885,-0.081893,0.641847,-0.111871,0.075925,0
R00386,-0.253049,0.237009,2.611849,-0.150464,0.820656,-0.377663,1
R00387,-1.879827,0.042358,-0.295936,-0.00164,0.274107,-1.295965,0
R00388,0.662069,2.276654,0.187213,0.476788,-0.214851,0.994272,0
R00389,-0.144987,0.176546,0.025754,0.576427,-0.883269,-1.293498,0
R00390,0.941286,0.646876,2.453457,0.944752,0.742903,0.825097,1
R00391,-1.315304,0.650536,2.486272,-0.450912,1.220595,1.069427,1
R00392,0.305379,-0.610967,0.109801,0.16444,0.208099,-0.682417,0
R00393,-1.31209,-0.069123,0.116248,0.435029,-1.239296,-1.281758,0
R00394,-0.613433,-1.614947,2.635322,0.924495,-0.418726,-0.345375,1
R00395,1.163739,0.297457,2.650321,-0.20099,-0.355847,-1.659006,1
R00396,0.656712,1.279215,-0.50362,-0.295932,-1.748976,-2.05119,0
R00397,0.735216,-1.494396,0.3125,0.405355,0.025592,-1.823224,0
R00398,2.243617,-0.833961,0.090647,0.387778,-0.078591,2.771323,0
R00399,-1.489528,-0.336958,-0.031322,1.133521,1.335762,0.687209,0
R00400,-0.972713,-1.182915,-0.024472,1.297042,1.142876,-0.321384,0
R00401,-1.250097,0.454729,2.336764,0.459901,0.019342,0.982332,1
R00402,-1.794374,-0.404774,0.146343,-0.706221,-0.734557,1.259858,0
R00403,0.411374,0.910523,0.205004,0.350738,-0.545448,1.648418,0
R00404,1.56009,-2.968435,0.275108,-0.731093,0.427964,0.598142,0
R00405,0.637016,-0.770864,2.271928,0.603096,0.571394,-0.125076,1
R00406,0.74933,1.923098,2.591202,1.966843,2.227665,-0.929402,1
R00407,-0.351524,0.985227,2.440824,0.316814,1.899139,-1.625361,1
R00408,-0.801889,0.815838,-0.343125,-2.52313,0.034803,0.178319,0
R00409,-1.247355,-0.87109,-0.072241,-0.529957,1.134494,1.583842,0
R00410,-0.679341,0.971999,2.671921,1.058312,-1.106865,0.070408,1
R00411,0.998105,-0.50227,-0.052557,1.531833,-1.196271,-0.620047,0
R00412,0.77956,-0.504308,2.471581,0.958494,-0.064912,-1.076344,1
R00413,-0.383944,1.16117,0.152081,0.388925,-1.624662,1.355859,0
R00414,-0.18953,0.05473,2.637793,1.82055,-0.355625,1.995566,1
R00415,2.162965,0.770852,2.380706,-0.879369,0.633501,-1.154554,1
R00416,-0.170923,-0.209403,-0.287637,0.533765,-0.125784,-2.963015,0
R00417,-0.436976,0.660621,2.451028,0.752089,-0.657291,-0.792818,1
R00418,1.415664,-0.447726,2.394365,-0.341089,0.027941,-1.32717,1
R00419,0.249729,-0.652976,0.094383,-1.735852,1.127431,0.199938,0
R00420,0.696868,-0.526162,0.14153,-0.497093,0.622384,0.352187,0
R00421,1.581188,-0.845011,0.050892,0.348061,1.285908,1.410107,0
R00422,1.224258,0.544586,0.047705,0.421563,-0.25471,1.379844,0
R00423,0.696187,1.088219,2.472096,-1.554258,1.554871,0.411177,1
R00424,0.25717,-0.02645,-0.061197,0.008519,-0.589476,-1.150664,0
R00425,-1.012716,-2.745835,0.097475,-1.943149,0.980609,0.31543,0
R00426,0.441957,-0.544899,2.251406,0.380793,0.01507,0.822848,1
R00427,-0.366408,1.036864,0.03527,2.31926,1.071001,0.126477,0
R00428,1.200726,0.356607,-0.142442,-1.487262,1.297219,-1.334901,0
R00429,-1.777459,-0.370301,-0.026131,0.485509,-0.638228,1.078291,0
R00430,-1.556212,-1.102074,0.062562,-0.73451,0.257211,1.892451,0
R00431,-1.264249,2.093897,2.761801,0.605964,-0.805036,0.237722,1
R00432,-0.120735,0.34067,-0.008456,-1.221509,0.68361,-0.613531,0
R00433,0.273556,1.680035,-0.11141,1.299169,0.540652,-0.23276,0
R00434,-0.575858,0.236403,-0.157124,0.651531,0.753219,0.973467,0
R00435,-0.586326,-0.608554,2.586102,2.350293,-0.154017,0.154306,1
R00436,-0.634584,-1.841239,0.141635,0.718568,0.426754,0.481237,0
R00437,-0.145316,0.507041,2.715086,-0.181067,-0.135361,0.714152,1
R00438,1.127607,-2.082677,2.563767,-0.839902,1.340043,0.139894,1
R00439,-0.802594,1.780844,0.047702,-1.041716,-1.009754,0.297561,0
R00440,0.42191,0.713871,-0.109362,0.724587,-1.286944,-0.016924,0
R00441,-0.260173,1.685099,2.544155,0.21981,-0.825355,0.514657,1
R00442,-1.275799,0.434874,-0.126721,-0.76068,1.591935,0.071447,0
R00443,0.708745,-0.714777,2.579722,1.688055,-2.051124,-0.250391,1
R00444,0.611503,2.232495,0.198849,-0.862476,0.52184,0.67834,0
R00445,0.290758,-1.578059,-0.146238,-0.99902,1.160163,0.03315,0
R00446,-0.755465,1.010515,0.13142,-0.255873,0.963297,0.323305,0
R00447,1.15621,-0.779241,-0.193904,-0.611611,-0.580435,0.456434,0
R00448,1.148044,-1.057591,2.493867,0.260025,2.018905,0.927369,1
R00449,0.846279,1.369583,0.211807,-0.084542,-0.341957,-1.156185,0
R00450,-0.310334,0.930834,0.139196,1.886591,0.135415,-0.018082,0
R00451,0.028021,-0.161797,2.576882,0.563077,0.470136,0.383018,1
R00452,-1.124471,1.42652,-0.102985,-0.116146,-0.184094,1.000333,0
R00453,-0.398126,-0.394167,0.224209,-0.684753,-0.402404,-0.70541,0
R00454,-0.615354,-0.038977,2.638761,-0.831798,1.923584,-0.916672,1
R00455,-0.087664,-0.632261,-0.109229,1.247978,0.849892,-0.299511,0
R00456,-1.073257,0.656504,0.119152,-0.342163,0.841772,-0.539499,0
R00457,-0.274942,-0.891091,0.079299,-2.262102,0.019598,0.166124,0
R00458,-1.966419,-1.459151,-0.089965,0.583113,-0.986349,-0.030398,0
R00459,-0.242878,-0.127862,-0.110752,2.463862,1.180954,-0.080704,0
R00460,0.74489,0.87714,-0.036604,0.400961,-0.565721,-0.510813,0
R00461,0.982865,0.257752,-0.145631,-0.21501,0.811844,-1.023772,0
R00462,-0.791324,-0.441465,-0.33548,0.958809,-2.121285,0.675896,0
R00463,-0.312544,0.717019,2.540428,-0.249697,2.131229,0.381473,1
R00464,-1.293171,-0.408542,0.043324,-0.915311,-1.217524,1.845569,0
R00465,-0.008404,0.847762,0.050659,0.427202,0.126531,1.253314,0
R00466,-0.648361,0.34273,2.459022,0.432287,-0.436939,1.012911,1
R00467,-0.656041,-1.842599,0.035501,-0.140928,0.52778,-0.154979,0
R00468,-1.025779,-0.467907,0.279366,-1.118826,0.089243,-0.690077,0
R00469,-1.812309,0.999951,0.024302,-0.65108,-0.906957,0.893795,0
R00470,-0.346079,-0.268897,2.849142,0.615472,0.058122,0.883598,1
R00471,-0.018743,1.189825,0.064254,0.736811,-0.08207,-0.319272,0
R00472,0.666332,0.484891,2.340891,2.237491,0.072155,-1.22127,1
R00473,-0.805511,-0.345279,-0.228894,-0.156466,-0.345726,0.561161,0
R00474,1.13331,1.644888,0.126788,1.234654,1.932731,0.523746,0
R00475,0.493777,0.198225,-0.02417,-0.966878,0.39639,-0.387046,0
R00476,0.276093,-1.078696,0.174929,-0.460043,0.875113,0.902165,0
R00477,-1.227465,0.43527,0.160827,2.137544,1.642324,1.23296,0
R00478,0.36211,-0.229262,0.045347,-0.419637,-0.880238,0.612027,0
R00479,0.599658,-0.257278,0.055769,-0.33803,1.240061,-1.223655,0
R00480,-0.779511,-0.002314,-0.109797,-0.14652,-2.200664,0.11721,0
R00481,-0.63784,0.185288,-0.080752,-0.349667,-1.65257,-0.264147,0
R00482,0.841725,0.081435,2.459902,-0.774595,0.994093,0.798819,1
R00483,-1.194328,0.058982,0.111515,-0.169201,1.452763,0.321095,0
R00484,-0.077478,-0.312587,2.538438,0.792693,-0.483385,0.062293,1
R00485,-1.76467,0.381858,0.00937,-0.733386,1.531582,0.43647,0
R00486,-0.980972,-0.044814,-0.096601,0.213385,1.132082,0.036692,0
R00487,-0.889425,1.509666,0.061662,-1.708111,0.819287,-0.284043,0
R00488,-1.325821,0.272592,2.610434,-0.688515,-0.084305,2.126762,1
R00489,0.527067,-0.246572,0.039339,1.431097,0.653092,-0.177579,0
R00490,1.138564,-1.132938,2.668799,0.326052,0.530381,0.734384,1
R00491,-1.867494,-1.092967,2.584604,0.328253,2.114438,-0.706322,1
R00492,1.004127,-0.409267,-0.095829,-1.653461,-0.574124,-1.981168,0
R00493,-0.471887,0.052293,0.084348,-0.606849,0.89328,-0.240675,0
R00494,-0.720292,-0.152728,-0.168802,1.225707,0.042266,2.192285,0
R00495,1.170687,0.383183,0.192677,0.102975,0.404425,1.443741,0
R00496,0.408061,-0.162821,0.049994,-1.470924,1.125219,0.160996,0
R00497,-0.143023,-0.20659,0.071625,0.28779,-0.834139,0.146986,0
R00498,-0.124308,1.777035,-0.050192,-0.369683,1.626175,1.06692,0
R00499,2.249158,1.550427,0.249945,0.890066,-0.225391,-0.833477,0
R00500,0.294041,-1.466475,2.447414,-0.482449,1.378196,1.451971,1
R00501,0.147711,1.945755,0.105695,-0.4502,-0.886243,-0.11016,0
R00502,0.740086,-0.25215,-0.063099,-0.051424,-0.047788,0.002921,0
R00503,-0.585105,-1.852685,-0.125549,0.326309,0.539008,0.08859,0
R00504,-1.374293,1.585251,2.371331,0.993983,1.530366,-0.250004,1
R00505,0.791522,-0.001792,0.083065,1.428627,1.097634,-1.108647,0
R00506,0.404513,0.412959,2.320931,1.707413,-1.140613,-1.061027,1
R00507,0.586045,-0.203229,0.120748,-1.537436,1.31395,-0.828624,0
R00508,0.830803,-1.686014,2.586636,0.486656,0.101474,0.63941,1
R00509,-0.944584,-0.00944,0.01762,-0.374131,-0.037818,-0.394769,0
R00510,-0.565133,-0.031817,-0.002645,0.708679,0.58115,0.175431,0
R00511,-1.375651,-0.627082,2.455397,1.400472,1.324818,-1.633986,1
R00512,0.512339,-0.877098,0.081024,-0.010782,0.248663,-0.040195,0
R00513,0.141187,0.297093,0.296734,0.427843,-0.814313,1.3918,0
R00514,1.1867,0.480841,2.794532,1.000292,1.711697,2.140913,1
R00515,-0.483404,1.834653,-0.112077,-0.949295,2.142136,0.057589,0
R00516,0.78097,-1.016158,2.429025,-1.6076,-0.528221,-1.800277,1
R00517,-0.534976,-0.760674,-0.078736,-0.677674,-0.32551,0.371066,0
R00518,-0.180619,0.728257,-0.163538,0.055446,-0.948234,-0.047954,0
R00519,-0.936628,-0.437966,0.155756,-0.921461,-0.637937,-0.885147,0
R00520,-1.234542,0.701184,-0.134052,-0.014283,-0.868556,0.541055,0
R00521,0.85296,-2.104391,0.012573,-0.543343,0.187697,-1.258085,0
R00522,-0.641671,-0.120055,0.268457,-1.362493,0.869655,-1.081909,0
R00523,-1.460894,-0.284512,0.068408,1.305147,0.627516,-2.656054,0
R00524,-0.232083,0.711681,-0.076698,0.588479,0.243467,-0.674619,0
R00525,-0.472569,0.647014,0.076282,-0.495231,-0.56794,-0.717704,0
R00526,-1.155916,-0.794798,2.260468,0.127194,1.119895,0.472528,1
R00527,-1.399719,-1.836225,0.043309,0.771572,-0.13174,-1.880127,0
R00528,-1.226421,0.083749,2.231287,1.883365,0.405784,0.65618,1
R00529,1.033,-0.477035,0.14577,-0.751749,-0.560774,-0.659796,0
R00530,-0.755865,0.754297,-0.168511,-1.523519,-2.583514,-2.169426,0
R00531,-0.272223,-0.296406,0.174687,-0.939799,0.258005,-2.152537,0
R00532,1.409114,1.832288,2.611456,0.504663,0.869739,-0.02086,1
R00533,-0.597067,1.59574,0.087899,-0.282063,-0.794749,0.233732,0
R00534,-0.01921,0.251752,0.056914,-0.549494,0.393271,-1.580359,0
R00535,-0.089563,0.245718,0.204589,-0.20123,-0.339475,1.085899,0
R00536,-0.39384,-0.003123,2.397523,-0.105108,-0.121187,-1.006236,1
R00537,0.313035,-0.850462,-0.049165,-0.499604,1.213644,1.017212,0
R00538,-1.125012,-0.771123,-0.112909,-0.302548,0.914747,0.578497,0
R00539,-0.887899,0.102077,-0.182977,0.349917,1.934817,-1.870334,0
R00540,0.168225,-0.596401,2.458403,2.090179,-0.268995,2.662357,1
R00541,-0.228528,0.632984,2.723103,-0.122206,2.057721,-0.472111,1
R00542,-0.31966,0.704134,0.050222,-0.556415,0.144033,-0.270151,0
R00543,0.731883,0.840172,0.027459,-0.709192,0.287991,-0.722464,0
R00544,-1.379991,0.658921,0.058889,0.548585,-0.09858,-1.421588,0
R00545,-0.10072,0.650646,2.317206,0.545827,-1.167764,0.016542,1
R00546,-0.713975,-0.474451,0.009461,-0.976436,-1.247053,-0.741247,0
R00547,0.271328,1.949438,2.458125,-1.893587,-0.070029,0.046569,1
R00548,-0.261814,0.386032,2.624265,1.620873,-0.576791,-0.198169,1
R00549,0.783818,1.046419,-0.071953,0.626028,-0.45319,-0.125686,0
R00550,2.111528,1.023012,0.003196,-0.76268,0.134877,-1.13737,0
R00551,-1.83036,0.47301,2.390941,1.34547,0.825786,0.332767,1
R00552,0.105142,-0.69202,2.32826,1.298595,-1.297881,0.597166,1
R00553,0.442406,0.552649,2.654474,-1.551137,0.385981,-0.055553,1
R00554,0.888795,0.36738,-0.059,-0.059953,-0.196314,-0.594876,0
R00555,-1.439729,0.011314,0.05865,-0.709342,-0.538896,0.318564,0
R00556,1.134312,1.67891,2.468355,-0.426548,0.159196,-1.658208,1
R00557,0.149122,0.221557,-0.291179,0.294034,0.743944,1.4376,0
R00558,1.379029,-1.294048,0.048085,0.43123,-0.420503,-0.680162,0
R00559,-0.979352,0.071789,0.158162,0.274995,1.849347,1.746302,0
R00560,-1.60021,-1.549517,0.178306,-1.088536,-0.554367,1.533284,0
R00561,-0.123549,1.655901,0.098797,0.307417,0.345097,0.77632,0
R00562,-0.353866,0.32006,0.252139,0.568394,1.006181,-0.825186,0
R00563,0.465727,1.668961,2.256966,-1.169205,-1.211839,0.971478,1
R00564,1.548305,-1.320747,0.20808,-0.689903,0.219438,2.83185,0
R00565,-0.066974,1.398624,0.235275,-1.516746,-0.57512,-1.450624,0
R00566,0.760941,-0.582687,-0.130159,0.886431,-0.828616,0.743866,0
R00567,0.577837,-0.978794,-0.105861,0.37517,-0.595549,-0.335854,0
R00568,-0.191639,-1.306313,-0.119008,-1.721294,-1.306233,-0.748134,0
R00569,-1.725605,-0.639213,-0.038027,0.942293,0.697336,0.572835,0
R00570,-0.232508,0.560672,-0.025727,0.578007,-1.389496,-0.231197,0
R00571,-0.932844,1.383628,2.402661,1.051723,-0.822916,-0.909457,1
R00572,0.452427,1.046077,2.422015,-1.475459,0.951649,-1.320331,1
R00573,-1.185609,1.342425,0.220606,-0.647029,-0.437251,-0.681042,0
R00574,-0.85243,0.599236,-0.006619,-0.612583,0.500719,-0.112329,0
R00575,0.22546,1.261613,-0.001136,-1.112401,0.937582,-0.294762,0
R00576,1.119441,-0.637884,-0.035979,-0.460357,0.705663,-0.298277,0
R00577,-0.979233,0.079934,0.01124,-1.27437,1.779349,-0.845747,0
R00578,-0.692555,0.09961,0.094195,0.219849,0.869316,-0.491464,0
R00579,0.366259,-0.285527,0.132859,-1.186969,-0.137054,1.906263,0
R00580,-1.647212,0.600156,-0.047456,-0.586621,-1.955711,1.652962,0
R00581,0.21331,-0.557555,0.072605,-0.943484,-0.830969,0.355991,0
R00582,-0.487811,-1.296672,0.033338,0.202681,0.904932,-0.516063,0
R00583,-0.062448,0.112167,2.596829,-0.116396,-0.543786,-0.544393,1
R00584,-1.295935,-0.190733,0.127742,-2.402212,1.345145,-0.36284,0
R00585,1.749111,-0.544785,-0.26609,0.443758,-0.835085,-0.548026,0
R00586,1.581991,1.264407,2.499051,-0.371153,-0.067648,1.592328,1
R00587,0.933713,-1.110421,2.463497,-0.60305,0.857952,-0.936862,1
R00588,-2.012785,0.811665,2.26669,-0.480856,-0.404371,1.481688,1
R00589,0.159359,0.268599,0.135415,-0.618486,-1.017025,-0.320055,0
R00590,-0.160217,-2.469022,2.466367,0.847465,1.337166,1.106889,1
R00591,-0.771047,0.899897,-0.108537,1.481923,-0.419063,1.637683,0
R00592,-2.184185,1.341241,-0.12617,1.134508,1.50576,-0.739269,0
R00593,1.798542,0.193625,2.379323,-0.716991,-1.216233,1.977514,1
R00594,1.498783,0.328186,-0.156389,0.095298,-0.928604,-1.609014,0
R00595,-0.0264,0.574609,0.07853,0.420122,1.02667,-1.332806,0
R00596,0.217968,-0.336411,-0.337405,0.29424,0.313888,-0.622773,0
R00597,-0.678856,0.249064,2.427215,0.362809,0.89013,-0.495734,1
R00598,0.160008,-0.107544,-0.122429,-0.249324,-0.70743,0.612049,0
R00599,-0.934349,0.267408,-0.11335,-0.467101,0.498459,-0.298197,0
R00600,-0.73465,0.186909,0.139019,1.003649,0.553778,0.711856,0
R00601,-0.807191,0.112014,-0.007405,0.60645,1.209228,-1.983909,0
R00602,-1.169697,-0.037487,2.418445,-0.036456,2.355285,-0.065896,1
R00603,1.006459,0.968312,2.321681,0.472986,2.379531,-2.298238,1
R00604,-1.775325,-0.934808,-0.113986,0.390447,-1.962884,-0.573595,0
R00605,0.529408,0.287497,-0.09823,1.345611,-0.839593,-1.178131,0
R00606,0.657166,0.14587,2.506567,-0.232333,0.90908,0.312428,1
R00607,-0.112206,-0.096807,2.593927,1.695696,3.234367,-1.193322,1
R00608,-0.959712,0.210493,2.524034,0.341695,0.318607,-0.086267,1
R00609,-0.161992,-1.669739,-0.035697,0.36404,-0.412169,-1.109707,0
R00610,1.70934,-0.864598,0.014975,-0.409592,-0.377091,1.184502,0
R00611,1.154619,1.041471,-0.037735,-1.942166,0.683436,0.759475,0
R00612,0.256961,-1.540253,0.227446,-0.893757,0.255173,0.526104,0
R00613,-1.190396,0.030507,2.779112,0.036654,0.575663,-0.502569,1
R00614,0.107664,1.838872,0.215189,2.418631,0.71382,-0.99026,0
R00615,-1.159456,2.584787,2.558633,-0.031549,-0.672705,-0.064615,1
R00616,0.51416,1.016357,2.568281,1.290978,2.075109,0.444725,1
R00617,1.493797,0.760395,2.366869,2.291091,2.67692,-0.51588,1
R00618,-0.161607,-0.19815,0.141504,-2.449835,1.676504,-0.027445,0
R00619,-0.774651,-1.007787,2.754551,1.120089,0.92068,0.168467,1
R00620,0.075821,1.199398,2.596296,-1.331654,0.577797,-1.538495,1
R00621,-0.508942,-0.787906,0.003218,2.37067,0.559902,-0.735089,0
R00622,0.691088,1.881761,-0.280951,-1.096633,-1.831166,-0.204758,0
R00623,0.973914,0.158416,2.559695,-0.683783,-2.001074,-1.311765,1
R00624,-1.631199,0.387116,0.012295,-0.546101,0.785002,0.512095,0
R00625,0.442963,-0.533174,-0.166973,-1.52186,0.702504,0.93521,0
R00626,-1.194913,0.216418,0.013605,0.15581,-0.550831,-0.48694,0
R00627,1.040172,-1.478713,0.03073,-0.509459,-0.627339,-0.786407,0
R00628,-0.672807,-0.160655,0.234978,0.439779,-0.252062,-0.554363,0
R00629,0.450824,-0.621571,0.145059,0.203403,0.552626,0.374692,0
R00630,-1.231651,0.683804,2.418023,0.329489,0.268771,0.19641,1
R00631,1.362795,-1.194712,-0.120139,0.599251,2.297129,0.229144,0
R00632,1.002574,-0.80943,-0.288571,-0.890288,-0.949172,-0.734336,0
R00633,-0.868005,-0.723494,-0.124724,-0.668038,0.58171,0.262413,0
R00634,-0.163397,-0.074524,0.252278,-0.496643,0.577181,1.059627,0
R00635,-0.484824,-0.617947,0.328233,0.993816,-0.109683,-0.883098,0
R00636,0.212536,-0.041395,2.325551,-1.687571,-1.188981,0.312219,1
R00637,-0.192516,-0.416516,-0.083838,-0.060997,-0.614742,0.101584,0
R00638,0.778191,0.163007,2.503556,2.041547,2.415506,-1.937877,1
R00639,-0.421278,-0.20189,0.38527,-2.423585,-1.792921,-1.612826,0
R00640,-0.104811,1.128124,0.178412,0.190165,-1.58815,0.038278,0
R00641,0.643894,0.66507,0.044381,-0.46456,-0.130785,0.240267,0
R00642,0.222226,0.186932,2.426902,1.29479,-0.542941,0.129595,1
R00643,-0.891186,1.458116,2.268615,-0.085673,-0.384039,0.350807,1
R00644,0.345111,0.159764,2.641576,1.683138,0.771399,0.322068,1
R00645,-0.08944,0.505504,2.728194,-0.484869,-0.158599,0.494381,1
R00646,-0.607978,-1.679344,0.1013,-0.147983,0.7079,0.887008,0
R00647,1.482463,0.371922,-0.018875,0.705685,1.319155,0.847764,0
R00648,-0.96462,-0.668113,0.242368,-0.423815,0.080793,-3.115733,0
R00649,-0.445202,-0.125724,2.507066,1.025243,-0.173987,-0.197938,1
R00650,-0.766942,-1.365102,-0.052319,0.208818,0.153917,-1.021015,0
R00651,0.741658,-0.497309,0.008481,0.991205,-1.699634,-1.076238,0
R00652,-1.253473,-0.663546,2.797376,1.136931,-1.628166,0.604494,1
R00653,0.544061,0.046804,0.17879,-1.2462,0.600262,0.275191,0
R00654,-0.96995,-0.668252,-0.011777,-1.378604,0.033922,-1.8547,0
R00655,0.851137,-0.051833,0.185263,-0.388743,1.65025,-0.423834,0
R00656,-0.647255,-0.421057,0.018057,-0.894621,0.642976,0.34722,0
R00657,1.251616,-0.719311,2.337632,-0.252657,0.099881,-1.046113,1
R00658,0.881493,0.275529,2.37903,0.91985,1.742447,0.501731,1
R00659,-1.040487,-0.853735,0.070962,0.062676,-0.713453,-1.477149,0
R00660,1.53,0.202929,2.450641,0.37029,0.547791,0.466584,1
R00661,1.878834,0.306963,2.104111,-0.956854,1.035478,2.260392,1
R00662,1.647708,-0.219417,2.336545,0.985718,0.089195,0.920894,1
R00663,0.294711,1.833149,0.219852,-0.088278,0.943623,0.816462,0
R00664,-0.211311,-1.478833,-0.343606,1.71265,0.456549,-0.222216,0
R00665,-0.673902,1.530672,2.363323,-0.302416,-0.701605,-0.558219,1
R00666,-2.441592,1.705593,2.676643,0.787746,0.805545,1.098778,1
R00667,0.876922,-1.370139,2.414447,1.507194,1.636454,0.464428,1
R00668,1.35239,-1.156363,2.417735,2.279947,2.050509,1.204437,1
R00669,0.68437,-0.001232,-0.200806,0.35328,1.909364,-0.157788,0
R00670,-0.11374,0.002058,2.365853,0.436564,-0.836579,1.652391,1
R00671,0.305906,-0.030847,-0.292302,0.24201,-0.159065,-1.160849,0
R00672,-0.742976,-0.97558,-0.139966,0.406146,0.661186,0.113872,0
R00673,2.030132,1.877506,2.352426,0.947097,0.455588,0.732005,1
R00674,-0.007248,2.083395,0.102495,1.163275,0.499596,3.414224,0
R00675,0.86612,-0.289606,2.508502,-1.257836,0.114548,-0.133632,1
R00676,0.511526,1.347454,0.158962,-0.490235,-0.687925,2.213039,0
R00677,-1.428031,0.36605,2.499725,-1.925653,2.119475,-0.643419,1
R00678,0.553925,1.373994,-0.054894,-0.80411,2.532636,0.96988,0
R00679,-0.554787,-0.007784,0.035554,-0.310333,0.937001,-0.853044,0
R00680,0.215112,-0.172618,0.002,1.37327,0.645908,-0.80464,0
R00681,0.199952,0.001094,2.43869,1.525346,0.564519,1.501519,1
R00682,0.558218,1.551653,2.706624,-1.477973,1.542271,-0.381058,1
R00683,-1.793471,0.983773,0.101081,-0.196733,1.00735,-0.608225,0
R00684,-0.368002,-0.385792,-0.116754,-0.420641,0.742513,0.446346,0
R00685,-0.731455,-0.190045,2.674913,0.553882,0.057806,-1.282373,1
R00686,-0.18373,0.353664,0.301045,-1.045173,-0.591903,0.211756,0
R00687,-2.013145,-0.098442,-0.010336,0.260926,-1.439731,0.518765,0
R00688,-0.892197,1.376629,-0.010698,-0.938792,-1.503207,-0.291004,0
R00689,0.743433,-0.638615,-0.145817,0.74886,0.613933,0.648237,0
R00690,0.563989,0.73379,0.058742,-1.052587,2.223471,0.840361,0
R00691,0.461823,-1.147648,0.157163,0.699412,0.359638,1.197611,0
R00692,-0.021896,1.76975,-0.166544,-0.481728,-0.703563,2.228956,0
R00693,-0.21518,1.323185,0.16747,0.454748,-0.79842,-0.56591,0
R00694,0.191325,-0.896478,2.815783,-0.122531,0.563927,0.829538,1
R00695,0.877093,1.213747,2.447614,-1.448639,-1.033008,0.783614,1
R00696,0.223096,1.128155,2.553941,1.461075,-0.012011,-0.435577,1
R00697,-1.381667,1.364836,2.753461,0.924685,-0.123158,-0.609448,1
R00698,0.871159,0.916754,2.450179,-0.996882,0.156807,-1.022076,1
R00699,-0.510383,1.176001,2.708758,0.844278,-0.818528,-0.549469,1
R00700,-0.778152,1.602541,2.624077,-0.638943,0.88377,0.668885,1
R00701,-1.228919,0.745539,0.185749,-0.798152,0.935072,-0.699163,0
R00702,-1.356237,1.590884,2.461907,0.047869,0.922875,-1.09859,1
R00703,0.392488,-0.921643,2.347959,1.354715,-0.336343,0.397668,1
R00704,-0.406202,0.591379,0.025946,-0.427666,0.222793,0.352071,0
R00705,0.009504,1.371313,2.743055,2.201927,-0.644533,0.747446,1
R00706,0.253011,-0.401732,0.063685,0.44213,-0.462791,-2.44683,0
R00707,-2.231838,-0.126076,2.267048,-0.072944,0.452464,-0.811196,1
R00708,0.331724,-1.367463,-0.12557,-0.680688,1.751567,0.878022,0
R00709,0.211142,-0.271368,-0.216776,-0.548443,2.034243,-1.164073,0
R00710,-0.880723,-0.298033,-0.112241,0.484132,-0.115566,1.098998,0
R00711,0.116791,1.024148,-0.063657,1.350445,-1.083499,-0.169642,0
R00712,1.658226,-1.19736,2.595066,2.290664,-0.599105,0.17446,1
R00713,0.562848,-0.358074,2.511231,0.296722,0.570032,1.012152,1
R00714,-0.555865,-2.546473,0.162228,-0.111747,-0.881793,-0.27186,0
R00715,-0.910903,-0.343831,-0.020986,0.184303,0.058817,0.72197,0
R00716,-0.84111,3.754624,2.629696,1.634427,0.672353,0.495455,1
R00717,-2.093651,-0.68413,2.417255,0.532131,0.271206,2.060566,1
R00718,0.405486,-0.181317,-0.042353,-0.474454,0.404691,-1.294191,0
R00719,0.751119,0.846287,-0.014604,0.202394,1.028356,0.139697,0
R00720,1.464112,0.451141,0.099785,0.232556,-2.010951,-0.810119,0
R00721,-1.26887,-0.466629,-0.102505,0.607194,-0.549852,1.837047,0
R00722,1.16492,-0.476517,2.675949,1.017072,0.424361,-0.527242,1
R00723,-1.611221,-0.985978,0.07991,-2.054034,0.787167,0.232193,0
R00724,1.499837,-0.428079,2.473152,0.964267,0.344799,-0.66477,1
R00725,-0.130604,-1.860129,-0.02451,-0.215322,0.138167,-1.620489,0
R00726,-0.785875,0.276942,-0.078159,-1.420035,-1.773919,0.194079,0
R00727,0.084407,-0.409262,2.510741,1.115283,1.01577,0.905195,1
R00728,2.341575,0.464469,0.21886,0.785504,0.337159,-0.950009,0
R00729,-0.097868,-0.236584,0.07564,-0.702001,0.363151,-0.137897,0
R00730,-1.256818,0.397758,2.369697,0.534668,-0.529996,1.314789,1
R00731,-0.079547,0.660139,-0.205141,0.418139,2.786763,1.310211,0
R00732,-0.881271,0.602902,0.078355,-0.678577,-0.891499,0.283211,0
R00733,0.550851,0.920068,-0.00496,-1.357257,0.612266,-0.224579,0
R00734,-1.212492,-1.540488,-0.229922,0.57545,0.237048,-0.188907,0
R00735,0.691548,2.133851,2.30118,-0.049577,1.285367,0.244276,1
R00736,0.685969,1.610315,2.467659,-0.301022,2.199873,-1.064471,1
R00737,-0.539821,1.927496,-0.140927,1.083674,1.09678,0.368191,0
R00738,-1.036767,0.526909,0.114141,-0.643506,-1.193996,-0.236659,0
R00739,0.075566,-1.061877,2.312625,1.341556,-0.519266,-0.011616,1
R00740,-0.460774,1.164236,2.195043,-0.293253,-1.087275,0.52312,1
R00741,-0.414881,1.366459,2.338821,1.493016,0.326281,2.194416,1
R00742,0.639673,-0.052717,-0.157704,-2.045985,-0.406656,0.368782,0
R00743,0.564745,1.459104,2.095344,-1.336635,2.577837,1.679898,1
R00744,-0.384878,-0.241971,-0.095808,-1.024258,-2.263583,-0.180607,0
R00745,1.79001,0.664474,-0.00274,-0.514367,-1.277999,-1.570747,0
R00746,0.96873,-1.08834,0.081976,-0.650865,-1.776852,0.916137,0
R00747,2.037395,-1.240628,0.08041,1.301672,1.18413,0.26963,0
R00748,-1.273339,-1.303639,2.491128,-0.725251,1.90029,1.436073,1
R00749,-1.360589,0.291351,0.06615,-1.532881,0.216198,0.747084,0
R00750,0.362846,-0.894685,2.41021,1.112939,1.852219,0.7552,1
R00751,2.065252,-0.193008,2.496267,-1.640219,0.299085,-0.517456,1
R00752,0.976556,-0.530813,-0.412305,-0.87853,-0.607744,-0.169653,0
R00753,1.026732,0.840944,-0.004277,0.847235,0.072435,0.412973,0
R00754,-0.382219,-0.118879,0.111826,-0.59163,-0.450693,-0.115102,0
R00755,-0.014658,-0.752731,2.607599,3.306962,-0.29633,0.824689,1
R00756,0.158098,-0.697344,2.565907,-0.326258,1.028492,-0.836097,1
R00757,-0.947016,-1.560982,-0.06678,0.428781,-0.969661,0.572317,0
R00758,1.51302,-0.936515,-0.082734,-2.240391,1.048318,-0.720227,0
R00759,0.140416,0.276783,0.015622,-1.128655,1.724929,0.517242,0
R00760,0.096207,0.035899,0.077835,0.748066,-0.210038,-0.236091,0
R00761,-0.931227,-1.103863,0.202947,0.085525,-1.356352,0.741569,0
R00762,0.24431,0.402949,2.662238,1.956286,-0.856562,-0.977553,1
R00763,0.712021,0.575642,2.43312,1.176992,-0.087071,0.298212,1
R00764,0.547615,-0.224976,0.110966,0.273812,1.41021,0.625132,0
R00765,-0.000708,1.438884,2.464013,2.574923,2.281888,1.388315,1
R00766,-1.716964,0.557042,0.128935,0.719161,-1.165375,0.103011,0
R00767,0.765988,-0.503634,-0.07957,0.677595,0.047493,1.295651,0
R00768,-0.942386,-0.411389,-0.322169,0.912729,0.100619,0.055027,0
R00769,0.436061,0.076231,0.048796,1.91942,0.047875,-0.128556,0
R00770,1.543653,1.416674,2.468386,-0.122028,1.10832,-0.886527,1
R00771,-0.081146,0.435886,2.693841,1.080019,-0.181078,0.538955,1
R00772,0.405968,0.257596,2.563587,1.422774,-0.318304,0.846909,1
R00773,-0.406842,0.227568,0.084783,0.621066,-1.301842,-1.303425,0
R00774,-0.511889,-0.812795,-0.048907,-1.915984,0.610713,-0.422171,0
R00775,1.324781,0.474054,2.491435,0.442895,0.771006,-0.441802,1
R00776,-0.442054,-1.155489,-0.0443,0.774153,-0.390958,0.287348,0
R00777,-1.688144,1.659318,-0.037647,-0.815042,-0.496755,-0.735757,0
R00778,0.336675,0.915594,2.449063,1.632544,-0.851183,0.355788,1
R00779,0.442467,-0.38498,-0.15186,-1.199478,0.036475,0.63212,0
R00780,1.599858,0.191339,-0.101248,-0.175829,-0.014324,0.764754,0
R00781,0.844939,0.343177,-0.026541,1.343346,-0.193086,-0.775056,0
R00782,-0.42987,0.005422,-0.054534,-0.062473,-1.54034,-0.641083,0
R00783,-1.720748,2.365797,2.456588,-0.915781,-0.137351,-0.127705,1
R00784,1.985181,-1.40367,2.104174,-0.145981,-1.249871,1.526847,1
R00785,-0.351274,-2.067838,-0.093497,0.122347,-0.28392,-0.107818,0
R00786,-0.273643,0.052866,-0.179878,-2.067322,-1.194891,0.253708,0
R00787,0.387923,3.12654,-0.017511,2.874119,-0.029949,-1.017027,0
R00788,0.463423,-1.200928,-0.259312,1.358234,-1.70483,-0.09867,0
R00789,-0.254093,0.205386,-0.197403,0.155964,1.626549,2.078623,0
R00790,-0.184311,0.348115,0.146579,0.73903,0.379355,-0.333282,0
R00791,-1.759692,-0.996445,0.084202,1.909396,0.948254,-0.06767,0
R00792,0.367464,1.861843,-0.006999,0.170758,-0.774018,-0.449957,0
R00793,-0.268359,-0.044917,0.080284,0.572388,2.419299,-1.342467,0
R00794,-1.292526,-0.909137,0.138177,-0.349223,-0.993465,-0.114674,0
R00795,-1.800519,-1.231066,-0.016982,1.173409,1.139782,0.253236,0
R00796,0.702234,0.624595,-0.177051,0.584242,-3.658887,-0.851376,0
R00797,1.068917,1.237919,-0.101181,0.620953,0.905504,-0.45614,0
R00798,0.647823,-0.747881,0.088037,-0.379066,0.476437,-0.273947,0
R00799,-1.516193,0.50264,0.038195,0.516945,-1.007264,-0.510628,0
